{"name":"widgets.brease.FlyOut","type":"widget","meta":{"superClass":"brease.core.ContainerWidget","requires":["widgets.brease.ToggleButton"],"mixins":[],"parents":["system.brease.Content"],"children":["*"],"inheritance":["widgets.brease.FlyOut","brease.core.ContainerWidget","brease.core.BaseWidget"],"visible":"true","license":"licensed","isContainer":"true","filePath":"widgets/brease/FlyOut/FlyOut.js"},"methods":[{"name":"Close","originalName":"close","read":false,"description":"<p>Close the FlyOut widget.</p>\n","iatStudioExposed":true},{"name":"Open","originalName":"open","read":false,"description":"<p>Open the FlyOut widget.</p>\n","iatStudioExposed":true},{"name":"setAutoClose","originalName":"setAutoClose","read":false,"description":"<p>Sets autoClose</p>\n","iatStudioExposed":false,"parameter":[{"name":"autoClose","type":"Boolean","index":0,"description":"\n","optional":false}]},{"name":"setButtonOffset","originalName":"setButtonOffset","read":false,"description":"<p>Sets buttonOffset</p>\n","iatStudioExposed":false,"parameter":[{"name":"buttonOffset","type":"Integer","index":0,"description":"\n","optional":false}]},{"name":"setButtonStyle","originalName":"setButtonStyle","read":false,"description":"<p>Sets buttonStyle</p>\n","iatStudioExposed":false,"parameter":[{"name":"buttonStyle","type":"StyleReference","index":0,"description":"\n","optional":false}]},{"name":"setDocking","originalName":"setDocking","read":false,"description":"<p>Sets docking</p>\n","iatStudioExposed":false,"parameter":[{"name":"docking","type":"brease.enum.ImageAlign","index":0,"description":"\n","optional":false}]},{"name":"setEditable","originalName":"setEditable","read":false,"description":"<p>Sets the state of property «editable»<br/>\nUsed for «editable» binding; method is called exclusevely by the framework</p>\n","iatStudioExposed":false,"parameter":[{"name":"editable","type":"Boolean","index":0,"description":"\n","optional":false},{"name":"metaData","type":"Object","index":1,"description":"\n","optional":false}]},{"name":"setEllipsis","originalName":"setEllipsis","read":false,"description":"<p>Sets ellipsis</p>\n","iatStudioExposed":false,"parameter":[{"name":"ellipsis","type":"Boolean","index":0,"description":"\n","optional":false}]},{"name":"SetEnable","originalName":"setEnable","read":false,"description":"<p>Sets the state of property «enable»</p>\n","iatStudioExposed":true,"parameter":[{"name":"value","type":"Boolean","index":0,"description":"\n","optional":false}]},{"name":"SetImage","originalName":"setImage","read":false,"description":"<p>Sets image</p>\n","iatStudioExposed":true,"parameter":[{"name":"image","type":"ImagePath","index":0,"description":"\n","optional":false}]},{"name":"setImageAlign","originalName":"setImageAlign","read":false,"description":"<p>Sets imageAlign</p>\n","iatStudioExposed":false,"parameter":[{"name":"imageAlign","type":"brease.enum.ImageAlign","index":0,"description":"\n","optional":false}]},{"name":"setMode","originalName":"setMode","read":false,"description":"<p>Sets the dialog mode for the FlyOut</p>\n","iatStudioExposed":false,"parameter":[{"name":"mode","type":"brease.enum.DialogMode","index":0,"description":"\n","optional":false}]},{"name":"setMultiLine","originalName":"setMultiLine","read":false,"description":"<p>Sets multiLine</p>\n","iatStudioExposed":false,"parameter":[{"name":"multiLine","type":"Boolean","index":0,"description":"\n","optional":false}]},{"name":"setShowButton","originalName":"setShowButton","read":false,"description":"<p>Configures whether or not to use the FlyOut button</p>\n","iatStudioExposed":false,"parameter":[{"name":"showButton","type":"Boolean","index":0,"description":"\n","optional":false}]},{"name":"setShowOnTop","originalName":"setShowOnTop","read":false,"description":"<p>Sets the stacking mode for the FlyOut</p>\n","iatStudioExposed":false,"parameter":[{"name":"showOnTop","type":"Boolean","index":0,"description":"\n","optional":false}]},{"name":"SetStyle","originalName":"setStyle","read":false,"description":"\n","iatStudioExposed":true,"parameter":[{"name":"value","type":"StyleReference","index":0,"description":"\n","optional":false}]},{"name":"SetText","originalName":"setText","read":false,"description":"<p>Sets text</p>\n","iatStudioExposed":true,"parameter":[{"name":"text","type":"String","index":0,"description":"\n","optional":false,"localizable":"true"}]},{"name":"SetVisible","originalName":"setVisible","read":false,"description":"<p>Sets the state of property «visible»</p>\n","iatStudioExposed":true,"parameter":[{"name":"value","type":"Boolean","index":0,"description":"\n","optional":false}]},{"name":"setWordWrap","originalName":"setWordWrap","read":false,"description":"<p>Sets wordWrap</p>\n","iatStudioExposed":false,"parameter":[{"name":"wordWrap","type":"Boolean","index":0,"description":"\n","optional":false}]},{"name":"Toggle","originalName":"toggle","read":false,"description":"<p>Open the FlyOut widget.</p>\n","iatStudioExposed":true}],"events":[{"name":"Click","description":"<p>Fired when element is clicked on.</p>\n"},{"name":"DisabledClick","description":"<p>Fired when disabled element is clicked on.</p>\n","parameter":[{"name":"origin","type":"String","index":0,"description":"<p>id of widget that triggered this event</p>\n","optional":false},{"name":"hasPermission","type":"Boolean","index":1,"description":"<p>defines if the state is caused due to missing</p>\n","optional":false},{"name":"horizontalPos","type":"String","index":2,"description":"<p>horizontal position of click in pixel i.e '10px'</p>\n","optional":false},{"name":"verticalPos","type":"String","index":3,"description":"<p>vertical position of click in pixel i.e '10px'\nroles of the current user</p>\n","optional":false}]},{"name":"EnableChanged","description":"<p>Fired when operability of the widget changes.</p>\n","parameter":[{"name":"value","type":"Boolean","index":0,"description":"<p>operability</p>\n\n\n\n","optional":false}]},{"name":"ToggleStateChanged","description":"\n","parameter":[{"name":"newValue","type":"Boolean","index":0,"description":"<p>Event returns a boolean value of 'TRUE' once the FlyOut widget is expanded (opened), and 'FALSE' when the FlyOut is collapsed (closed).</p>\n","optional":false}]},{"name":"VisibleChanged","description":"<p>Fired when the visibility of the widget changes.</p>\n","parameter":[{"name":"value","type":"Boolean","index":0,"description":"<p>visibility</p>\n\n\n\n","optional":false}]}],"properties":[{"name":"autoClose","type":"Boolean","initOnly":true,"localizable":false,"editableBinding":false,"readOnly":false,"required":false,"owner":"widgets.brease.FlyOut","projectable":true,"description":"close Flyout on click outside the content\nif true and the FlyOut is open and the user clicks somewhere outside the FlyOut, it closes automatically\n","category":"Behavior","defaultValue":"false"},{"name":"buttonOffset","type":"Integer","initOnly":true,"localizable":false,"editableBinding":false,"readOnly":false,"required":false,"owner":"widgets.brease.FlyOut","projectable":true,"description":"Offset of the button\n","category":"Appearance","defaultValue":"0"},{"name":"buttonStyle","type":"StyleReference","initOnly":true,"localizable":false,"editableBinding":false,"readOnly":false,"required":false,"owner":"widgets.brease.FlyOut","projectable":true,"description":"Style of the Button\nUse the styles of the widget <a href=\"#!/api/widgets.brease.ToggleButton\" rel=\"widgets.brease.ToggleButton\" class=\"docClass\">widgets.brease.ToggleButton</a>\n","category":"Appearance","typeRefId":"widgets.brease.ToggleButton","defaultValue":"default"},{"name":"docking","type":"brease.enum.ImageAlign","initOnly":true,"localizable":false,"editableBinding":false,"readOnly":false,"required":false,"owner":"widgets.brease.FlyOut","projectable":true,"description":"position of the flyout widget\n","category":"Appearance","defaultValue":"left"},{"name":"ellipsis","type":"Boolean","initOnly":true,"localizable":false,"editableBinding":false,"readOnly":false,"required":false,"owner":"widgets.brease.FlyOut","projectable":true,"description":"If true, overflow of text is symbolized with an ellipsis. This option has no effect, if wordWrap = true.\n","category":"Behavior","defaultValue":"false"},{"name":"enable","type":"Boolean","initOnly":false,"localizable":false,"editableBinding":false,"readOnly":false,"required":false,"owner":"brease.core.BaseWidget","projectable":true,"description":"Initial option to enable widget.\n","category":"Behavior","defaultValue":"true"},{"name":"image","type":"ImagePath","initOnly":false,"localizable":false,"editableBinding":false,"readOnly":false,"required":false,"owner":"widgets.brease.FlyOut","projectable":true,"description":"Path to an optional image.\n<br>When svg - graphics are used, be sure that in your *.svg-file height and width attributes are specified on the &lt;svg&gt; element.\nFor more detailed information see https://www.w3.org/TR/SVG/struct.html (chapter 5.1.2)\n","category":"Appearance","defaultValue":""},{"name":"imageAlign","type":"brease.enum.ImageAlign","initOnly":true,"localizable":false,"editableBinding":false,"readOnly":false,"required":false,"owner":"widgets.brease.FlyOut","projectable":true,"description":"Position of image relative to text.\n","category":"Appearance","defaultValue":"left"},{"name":"mode","type":"brease.enum.DialogMode","initOnly":true,"localizable":false,"editableBinding":false,"readOnly":false,"required":false,"owner":"widgets.brease.FlyOut","projectable":true,"description":"Similar to a pop-up dialog window, this option determines if the user can ('modeless') or cannot ('modal') interact with the remainder of the UI.\n","category":"Behavior","defaultValue":"modeless"},{"name":"multiLine","type":"Boolean","initOnly":true,"localizable":false,"editableBinding":false,"readOnly":false,"required":false,"owner":"widgets.brease.FlyOut","projectable":true,"description":"If true, more than one line is possible.\nText will wrap when necessary (if property wordWrap is set to true) or at explicit line breaks (\\n).\nIf false, text will never wrap to the next line. The text continues on the same line.\n","category":"Behavior","defaultValue":"false"},{"name":"permissionOperate","type":"RoleCollection","initOnly":true,"localizable":false,"editableBinding":false,"readOnly":false,"required":false,"owner":"brease.core.BaseWidget","projectable":true,"description":"restricts operability to users, which have given roles\n","category":"Accessibility"},{"name":"permissionView","type":"RoleCollection","initOnly":true,"localizable":false,"editableBinding":false,"readOnly":false,"required":false,"owner":"brease.core.BaseWidget","projectable":true,"description":"restricts visibility to users, which have given roles\n","category":"Accessibility"},{"name":"showButton","type":"Boolean","initOnly":true,"localizable":false,"editableBinding":false,"readOnly":false,"required":false,"owner":"widgets.brease.FlyOut","projectable":true,"description":"When FALSE, this property makes the FlyOut button invisible. The FlyOut must then be opened and closed via the widget's actions (Open, Close, Toggle).\n","category":"Behavior","defaultValue":"true"},{"name":"showOnTop","type":"Boolean","initOnly":true,"localizable":false,"editableBinding":false,"readOnly":false,"required":false,"owner":"widgets.brease.FlyOut","projectable":true,"description":"When TRUE, forces the FlyOut above all other elements in the visualization.\n","category":"Behavior","defaultValue":"false"},{"name":"style","type":"StyleReference","initOnly":false,"localizable":false,"editableBinding":false,"readOnly":false,"required":false,"owner":"brease.core.BaseWidget","projectable":true,"description":"reference to a style for this widget type\n","category":"Appearance","defaultValue":"default"},{"name":"text","type":"String","initOnly":false,"localizable":true,"editableBinding":false,"readOnly":false,"required":false,"owner":"widgets.brease.FlyOut","projectable":true,"description":"Text displayed in the FlyOut button\n","category":"Appearance","defaultValue":""},{"name":"tooltip","type":"String","initOnly":true,"localizable":true,"editableBinding":false,"readOnly":false,"required":false,"owner":"brease.core.BaseWidget","projectable":true,"description":"reference to a tooltip for a widget\n","category":"Appearance","defaultValue":""},{"name":"visible","type":"Boolean","initOnly":false,"localizable":false,"editableBinding":false,"readOnly":false,"required":false,"owner":"brease.core.BaseWidget","projectable":true,"description":"change visibility\n","category":"Behavior","defaultValue":"true"},{"name":"wordWrap","type":"Boolean","initOnly":true,"localizable":false,"editableBinding":false,"readOnly":false,"required":false,"owner":"widgets.brease.FlyOut","projectable":true,"description":"If true, text will wrap when necessary.\nThis property has no effect, if multiLine=false\n","category":"Behavior","defaultValue":"false"},{"name":"buttonHeight","type":"Size","defaultValue":"50","description":"button height of widget","initOnly":true,"required":false,"readOnly":false,"projectable":true,"hide":false,"cssProp":true},{"name":"buttonWidth","type":"Size","defaultValue":"50","description":"button width of widget","initOnly":true,"required":false,"readOnly":false,"projectable":true,"hide":false,"cssProp":true},{"name":"imageHeight","type":"ImageSize","defaultValue":"0","description":"height of the image","initOnly":true,"required":false,"readOnly":false,"projectable":true,"hide":false,"cssProp":true},{"name":"imageWidth","type":"ImageSize","defaultValue":"0","description":"width of the image","initOnly":true,"required":false,"readOnly":false,"projectable":true,"hide":false,"cssProp":true},{"name":"zIndex","type":"UInteger","description":"The zIndex property specifies the z-order of a widget and its childs.\r\n        When widgets overlap, z-order determines which one covers the other. A widget with a larger zIndex generally covers a widget with a lower one.","initOnly":true,"required":true,"readOnly":false,"projectable":true,"owner":"widgets.brease.FlyOut","hide":false,"cssProp":true},{"name":"left","type":"Integer","description":"absolute position measured from left boundary of parent container","initOnly":true,"required":false,"readOnly":false,"projectable":true,"owner":"widgets.brease.FlyOut","hide":false,"cssProp":true},{"name":"top","type":"Integer","description":"absolute position measured from top boundary of parent container","initOnly":true,"required":false,"readOnly":false,"projectable":true,"owner":"widgets.brease.FlyOut","hide":false,"cssProp":true},{"name":"height","type":"Size","defaultValue":"200","description":"outer height of widget","initOnly":true,"required":false,"readOnly":false,"projectable":true,"owner":"widgets.brease.FlyOut","hide":false,"cssProp":true},{"name":"width","type":"Size","defaultValue":"100","description":"outer width of widget","initOnly":true,"required":false,"readOnly":false,"projectable":true,"owner":"widgets.brease.FlyOut","hide":false,"cssProp":true}],"dependencies":{"files":["brease/core/ContainerWidget.js","brease/events/BreaseEvent.js","brease/enum/Enum.js","brease/core/Utils.js","brease/controller/PopUpManager.js","widgets/brease/ToggleButton/ToggleButton.js"],"widgets":["widgets/brease/FlyOut/FlyOut.js","widgets/brease/ToggleButton/ToggleButton.js"]},"categories":{"Category":["Container"]},"descriptions":{"short":"Ausblendbares Containerfeld","de":"Ausblendbarer Container","en":"Hideable container"},"superproperties":{"id":{"type":"WidgetId"},"enable":{"type":"Boolean"},"permissionOperate":{"type":"RoleCollection"},"permissionView":{"type":"RoleCollection"},"style":{"type":"StyleReference"},"tooltip":{"type":"String"},"visible":{"type":"Boolean"},"zIndex":{"type":"UInteger"},"left":{"type":"Integer"},"top":{"type":"Integer"},"height":{"type":"AutoSize"},"width":{"type":"AutoSize"}},"styleproperties":{"StyleProperty":[{"$":{"name":"imageColor","category":"Appearance","type":"Color","default":"#000000"},"StyleElement":[{"$":{"idsuffix":"_breaseFlyOutWrapper","selector":".breaseFlyOutWrapper > .flyoutButton svg","attribute":"fill"}}],"Description":["Color of the image - only apply if a SVG image is used"]},{"$":{"name":"buttonBorderStyle","category":"Appearance","type":"BorderStyle","default":"solid"},"StyleElement":[{"$":{"idsuffix":"_breaseFlyOutWrapper","selector":".breaseFlyOutWrapper > .flyoutButton","attribute":"border-style"}}],"Description":["Style of the Border of the widget"]},{"$":{"name":"buttonBorderColor","category":"Appearance","type":"ColorCollection","default":"#000000"},"StyleElement":[{"$":{"idsuffix":"_breaseFlyOutWrapper","selector":".breaseFlyOutWrapper > .flyoutButton","attribute":"@include importantBorderColor($value)"}}],"Description":["Sets the border color of the fly-out button. For further information, please check its type"]},{"$":{"name":"buttonBorderWidth","category":"Appearance","type":"PixelValCollection","default":"2px"},"StyleElement":[{"$":{"idsuffix":"_breaseFlyOutWrapper","selector":".breaseFlyOutWrapper > .flyoutButton","attribute":"border-width"}}],"Description":["Sets the border width of fly-out button. For further information, please check its type"]},{"$":{"name":"buttonCornerRadius","category":"Appearance","type":"PixelValCollection","default":"0px"},"StyleElement":[{"$":{"idsuffix":"_breaseFlyOutWrapper","selector":".breaseFlyOutWrapper > .flyoutButton","attribute":"@include border-radius($value)"}}],"Description":["Sets the radius of the rounded corner of the fly-out button. For further information, please check its type"]},{"$":{"name":"buttonBackColor","category":"Appearance","type":"Color","default":"#FFFFFF"},"StyleElement":[{"$":{"idsuffix":"_breaseFlyOutWrapper","selector":":not(.disabled):not(.active):not(.checked).breaseFlyOutWrapper > .flyoutButton","attribute":"background-color"}}],"Description":["Sets the background color of the fly-out button"]},{"$":{"name":"buttonBackGroundGradient","category":"Appearance","type":"Gradient","default":""},"StyleElement":[{"$":{"idsuffix":"_breaseFlyOutWrapper","selector":":not(.disabled):not(.active):not(.checked).breaseFlyOutWrapper > .flyoutButton","attribute":"@include backGroundGradient('$value')"}}],"Description":["Background as a gradient"]},{"$":{"name":"borderStyle","category":"Appearance","type":"BorderStyle","default":"solid"},"StyleElement":[{"$":{"idsuffix":"_breaseFlyOutWrapper","selector":".breaseFlyOutWrapper > .container","attribute":"border-style"}}],"Description":["Style of the Border of the widget"]},{"$":{"name":"borderColor","category":"Appearance","type":"ColorCollection","default":"#000000"},"StyleElement":[{"$":{"idsuffix":"_breaseFlyOutWrapper","selector":".breaseFlyOutWrapper > .container","attribute":"border-color"}}],"Description":["Sets the border color of the popping-up fly-out. For further information, please check its type"]},{"$":{"name":"borderWidth","category":"Appearance","type":"PixelValCollection","default":"2px"},"StyleElement":[{"$":{"idsuffix":"_breaseFlyOutWrapper","selector":".breaseFlyOutWrapper > .container","attribute":"border-width"}}],"Description":["Sets the border width of the popping-up fly-out. For further information, please check its type"]},{"$":{"name":"cornerRadius","category":"Appearance","type":"PixelValCollection","default":"0px"},"StyleElement":[{"$":{"idsuffix":"_breaseFlyOutWrapper","selector":".breaseFlyOutWrapper > .container","attribute":"@include border-radius($value)"}}],"Description":["Sets the radius of the rounded corner of the popping-up fly-out. For further information, please check its type"]},{"$":{"name":"backColor","category":"Appearance","type":"Color","default":"transparent"},"StyleElement":[{"$":{"idsuffix":"_breaseFlyOutWrapper","selector":".breaseFlyOutWrapper > .container","attribute":"background-color"}}],"Description":["Sets the background color fo the popping-up fly-out"]},{"$":{"name":"backGroundGradient","category":"Appearance","type":"Gradient","default":""},"StyleElement":[{"$":{"idsuffix":"_breaseFlyOutWrapper","selector":".breaseFlyOutWrapper > .container","attribute":"@include backGroundGradient('$value')"}}],"Description":["Background as a gradient"]},{"$":{"name":"textColor","category":"Appearance","type":"Color","default":"#000000"},"StyleElement":[{"$":{"idsuffix":"_breaseFlyOutWrapper","selector":".breaseFlyOutWrapper > .flyoutButton span","attribute":"color"}}],"Description":["Sets the text color of the text in the fly-out button"]},{"$":{"name":"textAlign","category":"Appearance","type":"brease.enum.TextAlign","default":"center"},"StyleElement":[{"$":{"idsuffix":"_breaseFlyOutWrapper","selector":".breaseFlyOutWrapper > .flyoutButton","attribute":"@include text-alignment($value)"}}],"Description":["Alignment of the text"]},{"$":{"name":"textRotation","category":"Appearance","type":"WritingMode","default":"horizontal"},"StyleElement":[{"$":{"idsuffix":"_breaseFlyOutWrapper","selector":".breaseFlyOutWrapper > .flyoutButton","attribute":"@include writing-mode($value)"}}],"Description":["Rotation of text in the button"]},{"$":{"name":"opacity","category":"Appearance","type":"Opacity","default":"1"},"StyleElement":[{"$":{"idsuffix":"_breaseFlyOutWrapper","selector":".breaseFlyOutWrapper","attribute":"opacity"}}],"Description":["Opacity of the widget"]},{"$":{"name":"fontSize","category":"Font","type":"PixelVal","default":"12px"},"StyleElement":[{"$":{"idsuffix":"_breaseFlyOutWrapper","selector":".breaseFlyOutWrapper > .flyoutButton span","attribute":"font-size"}}],"Description":["Fontsize of the text in pixel"]},{"$":{"name":"fontName","category":"Font","type":"FontName","default":"Arial"},"StyleElement":[{"$":{"idsuffix":"_breaseFlyOutWrapper","selector":".breaseFlyOutWrapper > .flyoutButton span","attribute":"font-family"}}],"Description":["Fontname of the text"]},{"$":{"name":"bold","category":"Font","type":"Boolean","default":"true"},"StyleElement":[{"$":{"idsuffix":"_breaseFlyOutWrapper","selector":".breaseFlyOutWrapper > .flyoutButton span","attribute":"@include font-weight-bold($value)"}}],"Description":["If **true** font style is bold"]},{"$":{"name":"italic","category":"Font","type":"Boolean","default":"false"},"StyleElement":[{"$":{"idsuffix":"_breaseFlyOutWrapper","selector":".breaseFlyOutWrapper > .flyoutButton span","attribute":"@include font-style-italic($value)"}}],"Description":["If **true** font style is italic"]},{"$":{"name":"shadow","category":"Appearance","type":"Shadow","default":"none"},"StyleElement":[{"$":{"idsuffix":"_breaseFlyOutWrapper","selector":".breaseFlyOutWrapper > .container","attribute":"@include box-shadow($value)"}}],"Description":["Shadow of the Widget"]}],"$":{}},"propertygroups":{"PropertyGroup":[{"$":{"name":"Size","type":"String","category":"Layout"},"Description":["outer height and width of widget"]},{"$":{"name":"Position","type":"String","category":"Layout"},"Description":["top and left of widget"]},{"$":{"name":"ButtonSize","type":"String","category":"Layout"},"Description":["outer height and width of Button"]}]}}