{"name":"widgets.brease.Table","type":"widget","meta":{"superClass":"brease.core.ContainerWidget","requires":["widgets.brease.BusyIndicator","widgets.brease.TextInput","widgets.brease.Label","widgets.brease.NumericInput","widgets.brease.CheckBox","widgets.brease.DateTimeInput","widgets.brease.Image","widgets.brease.Rectangle","widgets.brease.DropDownBox","widgets.brease.GenericDialog"],"mixins":[],"parents":["*"],"children":["widgets.brease.TableItem","widgets.brease.TableItemImageList","widgets.brease.TableItemDateTime"],"inheritance":["widgets.brease.Table","brease.core.ContainerWidget","brease.core.BaseWidget"],"isContainer":"true","license":"licensed","filePath":"widgets/brease/Table/Table.js"},"methods":[{"name":"OpenConfiguration","originalName":"openConfiguration","read":false,"description":"\n","iatStudioExposed":true,"parameter":[{"name":"type","type":"TableConfigurationType","index":0,"description":"<p>(Supported types: Filtering)\nOpen the filter part of the configuration dialogue</p>\n","optional":false}]},{"name":"ScrollPageDown","originalName":"scrollPageDown","read":false,"description":"<p>Scroll one page down</p>\n","iatStudioExposed":true},{"name":"ScrollPageLeft","originalName":"scrollPageLeft","read":false,"description":"<p>Scroll one page left</p>\n","iatStudioExposed":true},{"name":"ScrollPageRight","originalName":"scrollPageRight","read":false,"description":"<p>Scroll one page right</p>\n","iatStudioExposed":true},{"name":"ScrollPageUp","originalName":"scrollPageUp","read":false,"description":"<p>Scroll one page up</p>\n","iatStudioExposed":true},{"name":"ScrollStepDown","originalName":"scrollStepDown","read":false,"description":"<p>Scroll one step down</p>\n","iatStudioExposed":true},{"name":"ScrollStepLeft","originalName":"scrollStepLeft","read":false,"description":"<p>Scroll one step left</p>\n","iatStudioExposed":true},{"name":"ScrollStepRight","originalName":"scrollStepRight","read":false,"description":"<p>Scroll one step right</p>\n","iatStudioExposed":true},{"name":"ScrollStepUp","originalName":"scrollStepUp","read":false,"description":"<p>Scroll one step up</p>\n","iatStudioExposed":true},{"name":"ScrollToHorizontal","originalName":"scrollToHorizontal","read":false,"description":"<p>Scroll to horizontal column</p>\n","iatStudioExposed":true,"parameter":[{"name":"value","type":"UInteger","index":0,"description":"\n","optional":false}]},{"name":"ScrollToVertical","originalName":"scrollToVertical","read":false,"description":"<p>Scroll to vertical row</p>\n","iatStudioExposed":true,"parameter":[{"name":"value","type":"UInteger","index":0,"description":"\n","optional":false}]},{"name":"setColumnData","originalName":"setColumnData","read":false,"description":"<p>Updates the data of a given column</p>\n","iatStudioExposed":false,"parameter":[{"name":"data","type":"Object","index":0,"description":"\n","optional":false},{"name":"columnIndex","type":"Integer","index":1,"description":"\n","optional":false}]},{"name":"SetColumnVisibility","originalName":"setColumnVisibility","read":false,"description":"<p>Set the visibility for a certain column.</p>\n","iatStudioExposed":true,"parameter":[{"name":"index","type":"Integer","index":0,"description":"\n","optional":false},{"name":"visible","type":"Boolean","index":1,"description":"\n","optional":false}]},{"name":"setColumnWidth","originalName":"setColumnWidth","read":false,"description":"<p>Sets columnWidth</p>\n","iatStudioExposed":false,"parameter":[{"name":"columnWidth","type":"Size","index":0,"description":"\n","optional":false}]},{"name":"setDataOrientation","originalName":"setDataOrientation","read":false,"description":"<p>Sets dataOrientation</p>\n","iatStudioExposed":false,"parameter":[{"name":"dataOrientation","type":"brease.enum.Direction","index":0,"description":"\n","optional":false}]},{"name":"setEditable","originalName":"setEditable","read":false,"description":"<p>Sets the state of property «editable»<br/>\nUsed for «editable» binding; method is called exclusevely by the framework</p>\n","iatStudioExposed":false,"parameter":[{"name":"editable","type":"Boolean","index":0,"description":"\n","optional":false},{"name":"metaData","type":"Object","index":1,"description":"\n","optional":false}]},{"name":"setEllipsis","originalName":"setEllipsis","read":false,"description":"<p>Sets ellipsis</p>\n","iatStudioExposed":false,"parameter":[{"name":"ellipsis","type":"Boolean","index":0,"description":"\n","optional":false}]},{"name":"SetEnable","originalName":"setEnable","read":false,"description":"<p>Sets the state of property «enable»</p>\n","iatStudioExposed":true,"parameter":[{"name":"value","type":"Boolean","index":0,"description":"\n","optional":false}]},{"name":"setFilterConfiguration","originalName":"setFilterConfiguration","read":false,"description":"<p>Returns the filterConfiguration</p>\n","iatStudioExposed":false,"parameter":[{"name":"filterConfiguration","type":"String","index":0,"description":"\n","optional":false}]},{"name":"setHeaderSize","originalName":"setHeaderSize","read":false,"description":"<p>Sets headerSize</p>\n","iatStudioExposed":false,"parameter":[{"name":"headerSize","type":"UInteger","index":0,"description":"\n","optional":false}]},{"name":"setHorizontalScroll","originalName":"setHorizontalScroll","read":false,"description":"<p>Scroll horizontal to position</p>\n","iatStudioExposed":false,"parameter":[{"name":"position","type":"Integer","index":0,"description":"<p>Position in X Direction</p>\n","optional":false},{"name":"origin","type":"String","index":1,"description":"<p>Original event widget ID</p>\n","optional":false}]},{"name":"setMaxHeight","originalName":"setMaxHeight","read":false,"description":"<p>Sets maxHeight</p>\n","iatStudioExposed":false,"parameter":[{"name":"maxHeight","type":"Integer","index":0,"description":"\n","optional":false}]},{"name":"setMultiLine","originalName":"setMultiLine","read":false,"description":"<p>Sets multiLine</p>\n","iatStudioExposed":false,"parameter":[{"name":"multiLine","type":"Boolean","index":0,"description":"\n","optional":false}]},{"name":"setOffsetColumn","originalName":"setOffsetColumn","read":false,"description":"<p>Sets offsetColumn</p>\n","iatStudioExposed":false,"parameter":[{"name":"offsetColumn","type":"Integer","index":0,"description":"\n","optional":false}]},{"name":"setOffsetRow","originalName":"setOffsetRow","read":false,"description":"<p>Sets offsetRow</p>\n","iatStudioExposed":false,"parameter":[{"name":"offsetRow","type":"Integer","index":0,"description":"\n","optional":false}]},{"name":"setRefreshRate","originalName":"setRefreshRate","read":false,"description":"<p>Sets refreshRate</p>\n","iatStudioExposed":false,"parameter":[{"name":"refreshRate","type":"Integer","index":0,"description":"\n","optional":false}]},{"name":"setRowData","originalName":"setRowData","read":false,"description":"<p>Updates the data of a given row</p>\n","iatStudioExposed":false,"parameter":[{"name":"data","type":"Object","index":0,"description":"\n","optional":false},{"name":"rowIndex","type":"Integer","index":1,"description":"\n","optional":false}]},{"name":"setRowHeight","originalName":"setRowHeight","read":false,"description":"<p>Sets rowHeight</p>\n","iatStudioExposed":false,"parameter":[{"name":"rowHeight","type":"Size","index":0,"description":"\n","optional":false}]},{"name":"SetRowVisibility","originalName":"setRowVisibility","read":false,"description":"<p>Set the visibility for a certain row.</p>\n","iatStudioExposed":true,"parameter":[{"name":"index","type":"Integer","index":0,"description":"\n","optional":false},{"name":"visible","type":"Boolean","index":1,"description":"\n","optional":false}]},{"name":"setScrollLinkXRefId","originalName":"setScrollLinkXRefId","read":false,"description":"<p>Sets scrollLinkXRefId</p>\n","iatStudioExposed":false,"parameter":[{"name":"scrollLinkXRefId","type":"String","index":0,"description":"\n","optional":false}]},{"name":"setScrollLinkYRefId","originalName":"setScrollLinkYRefId","read":false,"description":"<p>Sets scrollLinkYRefId</p>\n","iatStudioExposed":false,"parameter":[{"name":"scrollLinkYRefId","type":"String","index":0,"description":"\n","optional":false}]},{"name":"SetSelectedColumn","originalName":"setSelectedColumn","read":false,"description":"<p>Sets selectedColumn</p>\n","iatStudioExposed":true,"parameter":[{"name":"value","type":"Integer","index":0,"description":"\n","optional":false}]},{"name":"SetSelectedRow","originalName":"setSelectedRow","read":false,"description":"<p>Sets selectedRow</p>\n","iatStudioExposed":true,"parameter":[{"name":"value","type":"Integer","index":0,"description":"\n","optional":false}]},{"name":"setSelection","originalName":"setSelection","read":false,"description":"<p>Sets selection.</p>\n","iatStudioExposed":false,"parameter":[{"name":"selection","type":"Boolean","index":0,"description":"\n","optional":false}]},{"name":"setShowHeader","originalName":"setShowHeader","read":false,"description":"<p>Sets showHeader</p>\n","iatStudioExposed":false,"parameter":[{"name":"showHeader","type":"Boolean","index":0,"description":"\n","optional":false}]},{"name":"setShowScrollbars","originalName":"setShowScrollbars","read":false,"description":"<p>Sets showScrollbars</p>\n","iatStudioExposed":false,"parameter":[{"name":"showScrollbars","type":"Boolean","index":0,"description":"\n","optional":false}]},{"name":"setShowSortingButton","originalName":"setShowSortingButton","read":false,"description":"<p>Sets showSortingButton</p>\n","iatStudioExposed":false,"parameter":[{"name":"showSortingButton","type":"Boolean","index":0,"description":"\n","optional":false}]},{"name":"setStopRefreshAtScroll","originalName":"setStopRefreshAtScroll","read":false,"description":"<p>Sets stopRefreshAtScroll</p>\n","iatStudioExposed":false,"parameter":[{"name":"stopRefreshAtScroll","type":"Boolean","index":0,"description":"\n","optional":false}]},{"name":"SetStyle","originalName":"setStyle","read":false,"description":"<p>This function sets the style of the widget by calling the superclass\nand then processing this in the widget.</p>\n","iatStudioExposed":true,"parameter":[{"name":"value","type":"StyleReference","index":0,"description":"\n","optional":false}]},{"name":"setTableConfiguration","originalName":"setTableConfiguration","read":false,"description":"<p>Sets the tableConfiguration</p>\n","iatStudioExposed":false,"parameter":[{"name":"tableConfiguration","type":"String","index":0,"description":"\n","optional":false}]},{"name":"setTableData","originalName":"setTableData","read":false,"description":"<p>This method takes data and decides wether it should redraw the entire\ntable or just update the rows and DataTable model. An update is much\nfaster and cost effective however can only be done if data is the only\nchanging parameter. If anything else is changed the table has to be\nredrawn for the purpose of the underlaying model.</p>\n","iatStudioExposed":false,"parameter":[{"name":"init","type":"Object","index":0,"description":"","optional":false}]},{"name":"setUseTableStyling","originalName":"setUseTableStyling","read":false,"description":"<p>Sets useTableStyling</p>\n","iatStudioExposed":false,"parameter":[{"name":"useTableStyling","type":"Boolean","index":0,"description":"\n","optional":false}]},{"name":"setVerticalScroll","originalName":"setVerticalScroll","read":false,"description":"<p>Scroll vertical to position</p>\n","iatStudioExposed":false,"parameter":[{"name":"position","type":"Integer","index":0,"description":"<p>Position in Y Direction</p>\n","optional":false},{"name":"origin","type":"String","index":1,"description":"<p>Original event widget ID</p>\n","optional":false}]},{"name":"SetVisible","originalName":"setVisible","read":false,"description":"<p>Sets the state of property «visible»</p>\n","iatStudioExposed":true,"parameter":[{"name":"value","type":"Boolean","index":0,"description":"\n","optional":false}]},{"name":"setWordWrap","originalName":"setWordWrap","read":false,"description":"<p>Sets wordWrap</p>\n","iatStudioExposed":false,"parameter":[{"name":"wordWrap","type":"Boolean","index":0,"description":"\n","optional":false}]},{"name":"ShowTooltip","originalName":"showTooltip","read":false,"description":"\n","iatStudioExposed":true}],"events":[{"name":"Click","description":"<p>Fired when element is clicked on.</p>\n","parameter":[{"name":"origin","type":"String","index":0,"description":"<p>id of widget that triggered this event</p>\n","optional":false},{"name":"horizontalPos","type":"String","index":1,"description":"<p>horizontal position of click in pixel i.e '10px'</p>\n","optional":false},{"name":"verticalPos","type":"String","index":2,"description":"<p>vertical position of click in pixel i.e '10px'</p>\n","optional":false}]},{"name":"DisabledClick","description":"<p>Fired when disabled element is clicked on.</p>\n","parameter":[{"name":"origin","type":"String","index":0,"description":"<p>id of widget that triggered this event</p>\n","optional":false},{"name":"hasPermission","type":"Boolean","index":1,"description":"<p>defines if the state is caused due to missing</p>\n","optional":false},{"name":"horizontalPos","type":"String","index":2,"description":"<p>horizontal position of click in pixel i.e '10px'</p>\n","optional":false},{"name":"verticalPos","type":"String","index":3,"description":"<p>vertical position of click in pixel i.e '10px'\nroles of the current user</p>\n","optional":false}]},{"name":"EnableChanged","description":"<p>Fired when operability of the widget changes.</p>\n","parameter":[{"name":"value","type":"Boolean","index":0,"description":"<p>operability</p>\n\n\n\n","optional":false}]},{"name":"ValueChanged","description":"<p>Triggered when any value in the table is changed</p>\n"},{"name":"VisibleChanged","description":"<p>Fired when the visibility of the widget changes.</p>\n","parameter":[{"name":"value","type":"Boolean","index":0,"description":"<p>visibility</p>\n\n\n\n","optional":false}]}],"properties":[{"name":"columnWidth","type":"Size","initOnly":true,"localizable":false,"editableBinding":false,"readOnly":false,"required":false,"owner":"widgets.brease.Table","projectable":true,"description":"Width of columns.","groupOrder":2,"groupRefId":"CellSize","category":"Appearance","defaultValue":"100"},{"name":"dataOrientation","type":"brease.enum.Direction","initOnly":true,"localizable":false,"editableBinding":false,"readOnly":false,"required":false,"owner":"widgets.brease.Table","projectable":true,"description":"A dataset is either placed horizontally or vertically.","category":"Behavior","defaultValue":"vertical"},{"name":"ellipsis","type":"Boolean","initOnly":true,"localizable":false,"editableBinding":false,"readOnly":false,"required":false,"owner":"widgets.brease.Table","projectable":true,"description":"If true, overflow of text is symbolized with an ellipsis. This option has no effect, if wordWrap = true.","category":"Behavior","defaultValue":"false"},{"name":"enable","type":"Boolean","initOnly":false,"localizable":false,"editableBinding":false,"readOnly":false,"required":false,"owner":"brease.core.BaseWidget","projectable":true,"description":"Initial option to enable widget.\n","category":"Behavior","defaultValue":"true"},{"name":"filterConfiguration","type":"String","initOnly":false,"localizable":false,"editableBinding":false,"readOnly":false,"required":false,"owner":"widgets.brease.Table","projectable":true,"description":"Configuration for filtering entires in the table","category":"Data","defaultValue":""},{"name":"headerSize","type":"UInteger","initOnly":true,"localizable":false,"editableBinding":false,"readOnly":false,"required":false,"owner":"widgets.brease.Table","projectable":true,"description":"Height of rows.","category":"Appearance","defaultValue":"0"},{"name":"maxHeight","type":"Integer","initOnly":true,"localizable":false,"editableBinding":false,"readOnly":false,"required":false,"owner":"widgets.brease.Table","projectable":true,"description":"Maximum height the Table can grow, when not set to zero","category":"Appearance","defaultValue":"0"},{"name":"multiLine","type":"Boolean","initOnly":true,"localizable":false,"editableBinding":false,"readOnly":false,"required":false,"owner":"widgets.brease.Table","projectable":true,"description":"If true, more than one line is possible. Text will wrap when necessary (wordWrap=true) or at line breaks (\\n).\nIf false, text will never wrap to the next line. The text continues on the same line.","category":"Behavior","defaultValue":"false"},{"name":"offsetColumn","type":"Integer","initOnly":false,"localizable":false,"editableBinding":false,"readOnly":false,"required":false,"owner":"widgets.brease.Table","projectable":false,"description":"Index of first viewed column entry.","category":"Behavior","defaultValue":"0"},{"name":"offsetRow","type":"Integer","initOnly":false,"localizable":false,"editableBinding":false,"readOnly":false,"required":false,"owner":"widgets.brease.Table","projectable":false,"description":"Index of first viewed row entry.","category":"Behavior","defaultValue":"0"},{"name":"permissionOperate","type":"RoleCollection","initOnly":true,"localizable":false,"editableBinding":false,"readOnly":false,"required":false,"owner":"brease.core.BaseWidget","projectable":true,"description":"restricts operability to users, which have given roles\n","category":"Accessibility"},{"name":"permissionView","type":"RoleCollection","initOnly":true,"localizable":false,"editableBinding":false,"readOnly":false,"required":false,"owner":"brease.core.BaseWidget","projectable":true,"description":"restricts visibility to users, which have given roles\n","category":"Accessibility"},{"name":"refreshRate","type":"UInteger","initOnly":true,"localizable":false,"editableBinding":false,"readOnly":false,"required":false,"owner":"widgets.brease.Table","projectable":true,"description":"Refresh rate of how often continuously updated variables are shown in the table.\nRecommanded values for the T50:\n1000 cells: 1000 ms (with stopRefreshAtScroll = true)\n 500 cells: 700 ms (with stopRefreshAtScroll = true)\n 500 cells: 1000 ms (with stopRefreshAtScroll = false)\n&lt;250 cells: 400 ms (with stopRefreshAtScroll = true)","category":"Behavior","defaultValue":"600"},{"name":"rowHeight","type":"Size","initOnly":true,"localizable":false,"editableBinding":false,"readOnly":false,"required":false,"owner":"widgets.brease.Table","projectable":true,"description":"Height of rows.","groupOrder":1,"groupRefId":"CellSize","category":"Appearance","defaultValue":"30"},{"name":"scrollLinkXRefId","type":"WidgetReference","initOnly":true,"localizable":false,"editableBinding":false,"readOnly":false,"required":false,"owner":"widgets.brease.Table","projectable":true,"description":"Reference to a second Table widget that should be synchronized for horizontal scrolling","groupRefId":"ScrollSynchronization","category":"Behavior","defaultValue":""},{"name":"scrollLinkYRefId","type":"WidgetReference","initOnly":true,"localizable":false,"editableBinding":false,"readOnly":false,"required":false,"owner":"widgets.brease.Table","projectable":true,"description":"Reference to a second Table widget that should be synchronized for vertical scrolling","groupRefId":"ScrollSynchronization","category":"Behavior","defaultValue":""},{"name":"selectedColumn","type":"Integer","initOnly":false,"localizable":false,"editableBinding":false,"readOnly":false,"required":false,"owner":"widgets.brease.Table","projectable":true,"description":"Index of selected column.","category":"Data","defaultValue":"0"},{"name":"selectedRow","type":"Integer","initOnly":false,"localizable":false,"editableBinding":false,"readOnly":false,"required":false,"owner":"widgets.brease.Table","projectable":true,"description":"Index of selected row.","category":"Data","defaultValue":"0"},{"name":"selection","type":"Boolean","initOnly":true,"localizable":false,"editableBinding":false,"readOnly":false,"required":false,"owner":"widgets.brease.Table","projectable":true,"description":"If true, the user can select data entries.","category":"Behavior","defaultValue":"true"},{"name":"showHeader","type":"Boolean","initOnly":true,"localizable":false,"editableBinding":false,"readOnly":false,"required":false,"owner":"widgets.brease.Table","projectable":true,"description":"Show/Hide header","category":"Appearance","defaultValue":"true"},{"name":"showScrollbars","type":"Boolean","initOnly":true,"localizable":false,"editableBinding":false,"readOnly":false,"required":false,"owner":"widgets.brease.Table","projectable":true,"description":"Show/Hide scrollbars","category":"Behavior","defaultValue":"true"},{"name":"showSortingButton","type":"Boolean","initOnly":true,"localizable":false,"editableBinding":false,"readOnly":false,"required":false,"owner":"widgets.brease.Table","projectable":true,"description":"If true,  by clicking on a columns header will be availabe. The table will only sort on the\ncurrently selected header. The header can be sorted in descending order (one click), ascending order\n(one more click) or returned to normal state (one more click); given that you started in normal state.","category":"Behavior","defaultValue":"false"},{"name":"stopRefreshAtScroll","type":"Boolean","initOnly":true,"localizable":false,"editableBinding":false,"readOnly":false,"required":false,"owner":"widgets.brease.Table","projectable":true,"description":"If set to true this parameter will stop the table from continuously updating the table while scrolling. This makes for a better\nuser experience, especially in the T50 and low end targets where it takes some time to reinstantiate all DOM elements - which\nwill interrupt the scrolling.","category":"Behavior","defaultValue":"false"},{"name":"style","type":"StyleReference","initOnly":false,"localizable":false,"editableBinding":false,"readOnly":false,"required":false,"owner":"brease.core.BaseWidget","projectable":true,"description":"reference to a style for this widget type\n","category":"Appearance","defaultValue":"default"},{"name":"tableConfiguration","type":"String","initOnly":false,"localizable":false,"editableBinding":false,"readOnly":false,"required":false,"owner":"widgets.brease.Table","projectable":false,"description":"Configuration for the visibility and/or disabling of table rows and columns.\nUse it like:\nVisible:\n   \"{\n   'specRows': [\n       {'index':0,'visible': true},\n       {'index':2,'visible': false},\n       {'index':4,'visible': true}\n               ],\n   'specColumns':  [\n      {'index':5, 'visible': true},\n      {'index':8, 'visible': false},\n      {'index':10,'visible': true}\n      ]\n  }\"\n\nDisable:\n   \"{\n   'specRows': [\n       {'index':0,'disable': true},\n       {'index':2,'disable': false},\n       {'index':4,'disable': true}\n               ],\n   'specColumns':  [\n      {'index':5, 'disable': true},\n      {'index':8, 'disable': false},\n      {'index':10,'disable': true}\n     ]\n  }\"\n Both:\n   \"{\n  'specRows': [\n       {'index':0,'visible': true, 'disable': true},\n       {'index':2,'visible': true,'disable': false},\n       {'index':4,'visible': false, 'disable': true}\n      ],\n   'specColumns':  [\n      {'index':5, 'visible': true, 'disable': true},\n      {'index':8, 'visible': true, 'disable': false},\n      {'index':10,'visible': false, 'disable': true}\n      ]\n   }\"","category":"Data","defaultValue":""},{"name":"tooltip","type":"String","initOnly":true,"localizable":true,"editableBinding":false,"readOnly":false,"required":false,"owner":"brease.core.BaseWidget","projectable":true,"description":"reference to a tooltip for a widget\n","category":"Appearance","defaultValue":""},{"name":"useTableStyling","type":"Boolean","initOnly":true,"localizable":false,"editableBinding":false,"readOnly":false,"required":false,"owner":"widgets.brease.Table","projectable":true,"description":"If false, styling can be set on the individual columns on their repsective TableItem/TableItemImageList.","category":"Appearance","defaultValue":"true"},{"name":"visible","type":"Boolean","initOnly":false,"localizable":false,"editableBinding":false,"readOnly":false,"required":false,"owner":"brease.core.BaseWidget","projectable":true,"description":"change visibility\n","category":"Behavior","defaultValue":"true"},{"name":"wordWrap","type":"Boolean","initOnly":true,"localizable":false,"editableBinding":false,"readOnly":false,"required":false,"owner":"widgets.brease.Table","projectable":true,"description":"If true, text will wrap when necessary.","category":"Behavior","defaultValue":"false"},{"name":"zIndex","type":"UInteger","description":"The zIndex property specifies the z-order of a widget and its childs.<br/>\r\n        When widgets overlap, z-order determines which one covers the other. A widget with a larger zIndex generally covers a widget with a lower one.<br/>\r\n        The zIndex must be unique within a content.<br/>","initOnly":true,"required":true,"readOnly":false,"projectable":true,"owner":"brease.core.BaseWidget","hide":false,"cssProp":true},{"name":"left","type":"Integer","description":"absolute position measured from left boundary of parent container","initOnly":true,"required":false,"readOnly":false,"projectable":true,"owner":"brease.core.BaseWidget","hide":false,"cssProp":true},{"name":"top","type":"Integer","description":"absolute position measured from top boundary of parent container","initOnly":true,"required":false,"readOnly":false,"projectable":true,"owner":"brease.core.BaseWidget","hide":false,"cssProp":true},{"name":"height","type":"Size","defaultValue":"300","description":"outer height of widget","initOnly":true,"required":false,"readOnly":false,"projectable":true,"owner":"widgets.brease.Table","hide":false,"cssProp":true},{"name":"width","type":"Size","defaultValue":"400","description":"outer width of widget","initOnly":true,"required":false,"readOnly":false,"projectable":true,"owner":"widgets.brease.Table","hide":false,"cssProp":true}],"dependencies":{"files":["brease/core/ContainerWidget.js","brease/events/BreaseEvent.js","brease/enum/Enum.js","widgets/brease/Table/libs/Renderer.js","widgets/brease/Table/libs/Model.js","brease/core/Utils.js","widgets/brease/Table/libs/Config.js","widgets/brease/Table/libs/Dialogue.js","widgets/brease/Table/libs/ConfigBuilder.js","widgets/brease/BusyIndicator/BusyIndicator.js","widgets/brease/TextInput/TextInput.js","widgets/brease/Label/Label.js","widgets/brease/NumericInput/NumericInput.js","widgets/brease/CheckBox/CheckBox.js","widgets/brease/DateTimeInput/DateTimeInput.js","widgets/brease/Image/Image.js","widgets/brease/Rectangle/Rectangle.js","widgets/brease/DropDownBox/DropDownBox.js","widgets/brease/GenericDialog/GenericDialog.js"],"widgets":["widgets/brease/Table/Table.js","widgets/brease/BusyIndicator/BusyIndicator.js","widgets/brease/TextInput/TextInput.js","widgets/brease/Label/Label.js","widgets/brease/NumericInput/NumericInput.js","widgets/brease/CheckBox/CheckBox.js","widgets/brease/DateTimeInput/DateTimeInput.js","widgets/brease/Image/Image.js","widgets/brease/Rectangle/Rectangle.js","widgets/brease/DropDownBox/DropDownBox.js","widgets/brease/GenericDialog/GenericDialog.js"]},"categories":{"Category":["Data","Container"]},"descriptions":{"short":"Darstellung von Daten in einer Tabelle","de":"Darstellung von Daten in einer Tabelle","en":"Displays data in a table"},"superproperties":{"id":{"type":"WidgetId"},"enable":{"type":"Boolean"},"permissionOperate":{"type":"RoleCollection"},"permissionView":{"type":"RoleCollection"},"style":{"type":"StyleReference"},"tooltip":{"type":"String"},"visible":{"type":"Boolean"},"zIndex":{"type":"UInteger"},"left":{"type":"Integer"},"top":{"type":"Integer"},"height":{"type":"AutoSize"},"width":{"type":"AutoSize"}},"styleproperties":{"StyleProperty":[{"$":{"name":"activeBackColor","type":"Color","category":"Appearance","default":"#FF8800"},"StyleElement":[{"$":{"selector":"&:not(.disabled) .verticalOrientation .tableCells tbody tr.selected td.selected.override:not(.disabled):not(.activeInput)","attribute":"background-color"}},{"$":{"selector":"&:not(.disabled) .verticalOrientation .tableCells tbody tr.selected td.selected:not(.override):not(.disabled):not(.activeInput)","attribute":"background-color"}},{"$":{"selector":"&:not(.disabled) .horizontalOrientation .tableCells tbody tr td:nth-child(odd).selected.override:not(.disabled):not(.activeInput)","attribute":"@include active-background-color($value)"}},{"$":{"selector":"&:not(.disabled) .horizontalOrientation .tableCells tbody tr td:nth-child(even).selected.override:not(.disabled):not(.activeInput)","attribute":"@include active-background-color($value)"}},{"$":{"selector":"&:not(.disabled) .horizontalOrientation .tableCells tbody tr.even td.selected:not(.override):not(.disabled):not(.activeInput)","attribute":"@include active-background-color($value)"}},{"$":{"selector":"&:not(.disabled) .horizontalOrientation .tableCells tbody tr.odd td.selected:not(.override):not(.disabled):not(.activeInput)","attribute":"@include active-background-color($value)"}}],"Description":["Backcolor for selected table entries"]},{"$":{"name":"activeBackGroundGradient","type":"Gradient","category":"Appearance","default":""},"StyleElement":[{"$":{"selector":"&:not(.disabled) .verticalOrientation .tableCells tbody tr.selected td:not(.override):not(.activeInput):not(img)","attribute":"@include backGroundGradient('$value')"}},{"$":{"selector":"&:not(.disabled) .horizontalOrientation .tableCells tbody tr td.selected:not(.override):not(.activeInput):not(img)","attribute":"@include backGroundGradient('$value')"}},{"$":{"selector":"&:not(.disabled) .verticalOrientation .tableCells tbody tr.selected td.override:not(.activeInput):not(img)","attribute":"@include backGroundGradient('$value')"}},{"$":{"selector":"&:not(.disabled) .horizontalOrientation .tableCells tbody tr td.selected.override:not(.activeInput):not(img)","attribute":"@include backGroundGradient('$value')"}}],"Description":["Background gradient for selected table entries"]},{"$":{"name":"activeInputCellTextColor","type":"Color","category":"Appearance","default":"#333333"},"StyleElement":[{"$":{"selector":"&:not(.disabled).breaseTable .horizontalOrientation .dataTables_scrollBody .tableCells tbody tr.odd td[input=true].activeInput.selected:not(.disabled)","attribute":"color: $value"}},{"$":{"selector":"&:not(.disabled).breaseTable .verticalOrientation .dataTables_scrollBody .tableCells tbody tr.odd.selected td[input=true].activeInput.selected:not(.disabled)","attribute":"color: $value"}},{"$":{"selector":"&:not(.disabled).breaseTable .horizontalOrientation .dataTables_scrollBody .tableCells tbody tr.even td[input=true].activeInput.selected:not(.disabled)","attribute":"color: $value"}},{"$":{"selector":"&:not(.disabled).breaseTable .verticalOrientation .dataTables_scrollBody .tableCells tbody tr.even.selected td[input=true].activeInput.selected:not(.disabled)","attribute":"color: $value"}}],"Description":["Sets the color of the text in the cell while writing in"]},{"$":{"name":"activeInputCellInnerShadow","type":"Shadow","category":"Appearance","default":"none"},"StyleElement":[{"$":{"selector":"&:not(.disabled).breaseTable .verticalOrientation .dataTables_scrollBody .tableCells tbody tr.odd td[input=true].activeInput.selected:not(.disabled)","attribute":"box-shadow: inset $value"}},{"$":{"selector":"&:not(.disabled).breaseTable .horizontalOrientation .dataTables_scrollBody .tableCells tbody tr.odd td[input=true].activeInput.selected:not(.disabled)","attribute":"box-shadow: inset $value"}},{"$":{"selector":"&:not(.disabled).breaseTable .verticalOrientation .dataTables_scrollBody .tableCells tbody tr.even td[input=true].activeInput.selected:not(.disabled)","attribute":"box-shadow: inset $value"}},{"$":{"selector":"&:not(.disabled).breaseTable .horizontalOrientation .dataTables_scrollBody .tableCells tbody tr.even td[input=true].activeInput.selected:not(.disabled)","attribute":"box-shadow: inset $value"}}],"Description":["Hint: you can also use this property as inner border: e.g. \"0 0 0 5px #B5B5B5\""]},{"$":{"name":"activeInputCellBackColor","type":"Color","category":"Appearance","default":"#FFFFFF"},"StyleElement":[{"$":{"selector":"&:not(.disabled).breaseTable .horizontalOrientation .dataTables_scrollBody .tableCells tbody tr.odd td[input=true].activeInput.selected:not(.disabled)","attribute":"background-color: $value"}},{"$":{"selector":"&:not(.disabled).breaseTable .verticalOrientation .dataTables_scrollBody .tableCells tbody tr.odd.selected td[input=true].activeInput.selected:not(.disabled)","attribute":"background-color: $value"}},{"$":{"selector":"&:not(.disabled).breaseTable .horizontalOrientation .dataTables_scrollBody .tableCells tbody tr.even td[input=true].activeInput.selected:not(.disabled)","attribute":"background-color: $value"}},{"$":{"selector":"&:not(.disabled).breaseTable .verticalOrientation .dataTables_scrollBody .tableCells tbody tr.even.selected td[input=true].activeInput.selected:not(.disabled)","attribute":"background-color: $value"}}],"Description":["Backcolor for even table entries in column direction"]},{"$":{"name":"activeInputCellBackgroundGradient","type":"Gradient","category":"Appearance","default":""},"StyleElement":[{"$":{"selector":"&:not(.disabled).breaseTable .horizontalOrientation .dataTables_scrollBody .tableCells tbody tr.odd td[input=true].activeInput.selected:not(.disabled)","attribute":"@include backGroundGradient('$value')"}},{"$":{"selector":"&:not(.disabled).breaseTable .verticalOrientation .dataTables_scrollBody .tableCells tbody tr.odd.selected td[input=true].activeInput.selected:not(.disabled)","attribute":"@include backGroundGradient('$value')"}},{"$":{"selector":"&:not(.disabled).breaseTable .horizontalOrientation .dataTables_scrollBody .tableCells tbody tr.even td[input=true].activeInput.selected:not(.disabled)","attribute":"@include backGroundGradient('$value')"}},{"$":{"selector":"&:not(.disabled).breaseTable .verticalOrientation .dataTables_scrollBody .tableCells tbody tr.even.selected td[input=true].activeInput.selected:not(.disabled)","attribute":"@include backGroundGradient('$value')"}}],"Description":["Background gradient for input cells."]},{"$":{"name":"inputCellTextColor","type":"Color","category":"Appearance","default":"#333333"},"StyleElement":[{"$":{"selector":"&:not(.disabled).breaseTable .horizontalOrientation .dataTables_scrollBody .tableCells tbody tr td[input=true]:not(.override):not(.activeInput):not(.disabled):not(.selected)","attribute":"color: $value"}},{"$":{"selector":"&:not(.disabled).breaseTable .verticalOrientation .dataTables_scrollBody .tableCells tbody tr td[input=true]:not(.override):not(.activeInput):not(.disabled):not(.selected)","attribute":"color: $value"}}],"Description":["Sets the text color displayed in the cell while writing in"]},{"$":{"name":"inputCellInnerShadow","type":"Shadow","category":"Appearance","default":"none"},"StyleElement":[{"$":{"selector":"&:not(.disabled).breaseTable .horizontalOrientation .dataTables_scrollBody .tableCells tbody tr td[input=true]:not(.override):not(.activeInput):not(.disabled:not(.selected))","attribute":"box-shadow: inset $value"}},{"$":{"selector":"&:not(.disabled).breaseTable .verticalOrientation .dataTables_scrollBody .tableCells tbody tr td[input=true]:not(.override):not(.activeInput):not(.disabled):not(.selected)","attribute":"box-shadow: inset $value"}}],"Description":["Hint: you can also use this property as inner border: e.g. \"0 0 0 5px #B5B5B5\""]},{"$":{"name":"inputCellBackColor","type":"Color","category":"Appearance","default":"#FFFFFF"},"StyleElement":[{"$":{"selector":"&:not(.disabled).breaseTable .horizontalOrientation .dataTables_scrollBody .tableCells tbody tr td[input=true]:not(.override):not(.activeInput):not(.disabled):not(.selected)","attribute":"background-color: $value;"}},{"$":{"selector":"&:not(.disabled).breaseTable .verticalOrientation .dataTables_scrollBody .tableCells tbody tr td[input=true]:not(.override):not(.activeInput):not(.disabled):not(.selected)","attribute":"background-color: $value;"}}],"Description":["Backcolor for even table entries in column direction"]},{"$":{"name":"inputCellBackgroundGradient","type":"Gradient","category":"Appearance","default":""},"StyleElement":[{"$":{"selector":"&:not(.disabled).breaseTable .horizontalOrientation .dataTables_scrollBody .tableCells tbody tr td[input=true]:not(.override):not(.activeInput):not(.disabled):not(.selected)","attribute":"@include backGroundGradient('$value')"}},{"$":{"selector":"&:not(.disabled).breaseTable .verticalOrientation .dataTables_scrollBody .tableCells tbody tr td[input=true]:not(.override):not(.activeInput):not(.disabled):not(.selected)","attribute":"@include backGroundGradient('$value')"}}],"Description":["Background gradient for input cells."]},{"$":{"name":"activeTextColor","type":"Color","category":"Appearance","default":"#FFFFFF"},"StyleElement":[{"$":{"selector":"&:not(.disabled) .verticalOrientation .tableCells tbody tr.selected td.override:not(.activeInput):not(.disabled)","attribute":"color"}},{"$":{"selector":"&:not(.disabled) .horizontalOrientation .tableCells tbody tr td:nth-child(odd).selected.override:not(.activeInput):not(.disabled)","attribute":"color"}},{"$":{"selector":"&:not(.disabled) .horizontalOrientation .tableCells tbody tr td:nth-child(even).selected.override:not(.activeInput):not(.disabled)","attribute":"color"}},{"$":{"selector":"&:not(.disabled) .verticalOrientation .tableCells tbody tr.selected td:not(.override):not(.disabled):not(.activeInput):not(.disabled)","attribute":"color"}},{"$":{"selector":"&:not(.disabled) .horizontalOrientation .tableCells tbody tr td:nth-child(odd).selected:not(.override):not(.activeInput):not(.disabled)","attribute":"color"}},{"$":{"selector":"&:not(.disabled) .horizontalOrientation .tableCells tbody tr td:nth-child(even).selected:not(.override):not(.activeInput):not(.disabled)","attribute":"color"}}],"Description":["Text color for selected entries"]},{"$":{"name":"backColor","type":"Color","category":"Appearance","default":"transparent"},"StyleElement":[{"$":{"selector":"&:not(.disabled)","attribute":"background-color"}}],"Description":["Sets the background color of the table"]},{"$":{"name":"backColorEvenColumn","type":"Color","category":"Appearance","default":"#EAEAEA"},"StyleElement":[{"$":{"selector":"&:not(.disabled) .horizontalOrientation .tableCells tbody tr td:nth-child(even):not(.selected):not(.disabled):not(.odd):not(.even):not(.override)","attribute":"background-color"}},{"$":{"selector":"&:not(.disabled) .horizontalOrientation .tableCells tbody tr td.even:not(.selected):not(.disabled):not(.override)","attribute":"background-color"}}],"Description":["Backcolor for even table entries in column direction"]},{"$":{"name":"backColorOddColumn","type":"Color","category":"Appearance","default":"#FCFCFC"},"StyleElement":[{"$":{"selector":"&:not(.disabled) .horizontalOrientation .tableCells tbody tr td:nth-child(odd):not(.selected):not(.disabled):not(.odd):not(.even):not(.override)","attribute":"background-color"}},{"$":{"selector":"&:not(.disabled) .horizontalOrientation .tableCells tbody tr td.odd:not(.selected):not(.disabled):not(.override)","attribute":"background-color"}}],"Description":["Backcolor for odd table entries in column direction"]},{"$":{"name":"backGroundGradientEvenColumn","type":"Gradient","category":"Appearance","default":""},"StyleElement":[{"$":{"selector":"&:not(.disabled) .horizontalOrientation .tableCells tbody tr td:nth-child(even):not(.selected):not(.disabled):not(.odd):not(.even):not(.override)","attribute":"@include backGroundGradient('$value')"}},{"$":{"selector":"&:not(.disabled) .horizontalOrientation .tableCells tbody tr td.even:not(.selected):not(.disabled):not(.override)","attribute":"@include backGroundGradient('$value')"}}],"Description":["Background as a gradient for even table entries in column direction"]},{"$":{"name":"backGroundGradientOddColumn","type":"Gradient","category":"Appearance","default":""},"StyleElement":[{"$":{"selector":"&:not(.disabled) .horizontalOrientation .tableCells tbody tr td:nth-child(odd):not(.selected):not(.disabled):not(.even):not(.odd):not(.override)","attribute":"@include backGroundGradient('$value')"}},{"$":{"selector":"&:not(.disabled) .horizontalOrientation .tableCells tbody tr td.odd:not(.selected):not(.disabled):not(.override)","attribute":"@include backGroundGradient('$value')"}}],"Description":["Background as a gradient for even table entries in column direction"]},{"$":{"name":"backColorEvenRow","type":"Color","category":"Appearance","default":"#FFFFFF"},"StyleElement":[{"$":{"selector":"&:not(.disabled) .verticalOrientation .tableCells tbody tr.even:not(.disabled):not(.override)","attribute":"background-color"}}],"Description":["Backcolor for even table entries in row direction"]},{"$":{"name":"backColorOddRow","type":"Color","category":"Appearance","default":"#FCFCFC"},"StyleElement":[{"$":{"selector":"&:not(.disabled) .verticalOrientation .tableCells tbody tr.odd:not(.disabled):not(.override)","attribute":"background-color"}}],"Description":["Backcolor for odd table entries in row direction"]},{"$":{"name":"backGroundGradientEvenRow","type":"Gradient","category":"Appearance","default":""},"StyleElement":[{"$":{"selector":"&:not(.disabled) .verticalOrientation .tableCells tbody tr.even:not(.disabled):not(.override):not(.selected) >td","attribute":"@include backGroundGradient('$value')"}}],"Description":["Background as a gradient for even table entries in row direction"]},{"$":{"name":"backGroundGradientOddRow","type":"Gradient","category":"Appearance","default":""},"StyleElement":[{"$":{"selector":"&:not(.disabled) .verticalOrientation .tableCells tbody tr.odd:not(.disabled):not(.override):not(.selected) > td","attribute":"@include backGroundGradient('$value')"}}],"Description":["Background as a gradient for even table entries in row direction"]},{"$":{"name":"backGroundGradient","type":"Gradient","category":"Appearance","default":""},"StyleElement":[{"$":{"selector":"&:not(.disabled)","attribute":"@include backGroundGradient('$value')"}}],"Description":["Background as a gradient"]},{"$":{"name":"borderColor","type":"Color","category":"Appearance","default":"#C8C8C8"},"StyleElement":[{"$":{"selector":"&:not(.disabled)","attribute":"border-color"}}],"Description":["Sets the border color of the widget. For further information, please see its type"]},{"$":{"name":"borderStyle","type":"BorderStyle","category":"Appearance","default":"none"},"StyleElement":[{"$":{"attribute":"border-style"}}],"Description":["Style of the Border of the widget"]},{"$":{"name":"borderWidth","type":"PixelValCollection","category":"Appearance","default":"0px"},"StyleElement":[{"$":{"attribute":"border-width"}}],"Description":["Sets the border width of the widget. For further information, please see its type"]},{"$":{"name":"cellAlign","type":"brease.enum.BackgroundPosition","default":"center center","category":"Appearance"},"StyleElement":[{"$":{"selector":".tableCells tbody tr td:not(.override)","attribute":"@include text-position('$value')"}},{"$":{"selector":".tableCells tbody tr td:not(.override) > img","attribute":"@include image-align('$value')"}},{"$":{"selector":".tableHeader > .headerElement:not(.override)","attribute":"@include flex-position('$value')"}},{"$":{"selector":".tableHeader > .headerElement:not(.override) > span","attribute":"@include text-position('$value')"}}],"Description":["Alignment of the text in a cell"]},{"$":{"name":"cellBorderStyle","type":"BorderStyle","category":"Appearance","default":"solid"},"StyleElement":[{"$":{"selector":".tableCells tbody tr td:not(.override)","attribute":"border-style"}},{"$":{"selector":".dataTables_scrollBody.horizontalOrientation .tableCells tbody tr:first-child td:not(.override)","attribute":"border-style"}},{"$":{"selector":".dataTables_scrollBody.verticalOrientation .tableCells tbody tr td:first-child:not(.override)","attribute":"border-style"}},{"$":{"selector":".tableHeader div:not(.override)","attribute":"border-style"}},{"$":{"selector":".dataTables_scrollHead.verticalOrientation .tableHeader div:first-child:not(.override)","attribute":"border-style"}},{"$":{"selector":".dataTables_scrollHead.verticalOrientation .tableHeader div:not(.override)","attribute":"border-style"}},{"$":{"selector":".dataTables_scrollHead.horizontalOrientation .tableHeader div:first-child:not(.override)","attribute":"border-style"}},{"$":{"selector":".dataTables_scrollHead.horizontalOrientation .tableHeader div:not(.override)","attribute":"border-style"}}],"Description":["Style of the cell borders"]},{"$":{"name":"cellBorderColor","type":"Color","category":"Appearance","default":"#C8C8C8"},"StyleElement":[{"$":{"selector":".tableCells tbody tr td:not(.override)","attribute":"border-color"}},{"$":{"selector":".tableHeader div:not(.override)","attribute":"border-color"}}],"Description":["Sets the border color of each cell. For further information, please see its type"]},{"$":{"name":"cellBorderWidth","type":"PixelValCollection","category":"Appearance","default":"0px 0px 1px 1px"},"StyleElement":[{"$":{"selector":".tableCells tbody tr td:not(.override)","attribute":"border-width"}},{"$":{"selector":".dataTables_scrollBody.horizontalOrientation .tableCells tbody tr:first-child td:not(.override)","attribute":"border-width"}},{"$":{"selector":".dataTables_scrollBody.verticalOrientation .tableCells tbody tr td:first-child:not(.override)","attribute":"border-width"}},{"$":{"selector":".tableHeader div:not(.override)","attribute":"border-width"}},{"$":{"selector":".dataTables_scrollHead div","attribute":"border-width"}},{"$":{"selector":".dataTables_scrollHead.verticalOrientation .tableHeader div:first-child:not(.override)","attribute":"border-width"}},{"$":{"selector":".dataTables_scrollHead.verticalOrientation .tableHeader div:not(.override)","attribute":"border-width"}},{"$":{"selector":".dataTables_scrollHead.horizontalOrientation .tableHeader div:first-child:not(.override)","attribute":"border-width"}},{"$":{"selector":".dataTables_scrollHead.horizontalOrientation .tableHeader div:not(.override)","attribute":"border-width"}}],"Description":["Sets the border width of each cell. For further information, please see its type"]},{"$":{"name":"cellPadding","category":"Layout","type":"Padding","default":"0px"},"StyleElement":[{"$":{"selector":"&.breaseTable .horizontalOrientation .dataTables_scrollBody .tableCells tbody tr td:not(.override)","attribute":"padding"}},{"$":{"selector":"&.breaseTable .verticalOrientation .dataTables_scrollBody .tableCells tbody tr td:not(.override)","attribute":"padding"}}],"Description":["Padding of table cells."]},{"$":{"name":"headerCellPadding","category":"Layout","type":"Padding","default":"0px"},"StyleElement":[{"$":{"selector":"&.breaseTable .dataTables_scrollHead.verticalOrientation .tableHeader div:not(.override)","attribute":"padding"}},{"$":{"selector":"&.breaseTable .dataTables_scrollHead.horizontalOrientation .tableHeader div:not(.override)","attribute":"padding"}}],"Description":["Padding of the header cells."]},{"$":{"name":"cornerRadius","type":"PixelValCollection","category":"Appearance","default":"0px"},"StyleElement":[{"$":{"attribute":"@include border-radius($value)"}}],"Description":["Sets the radius of the widget rounded corners. For further information, please see its type"]},{"$":{"name":"disabledActiveTextColor","type":"Color","category":"Appearance","default":"#FFFFFF"},"StyleElement":[{"$":{"selector":"&.disabled .verticalOrientation .tableCells tbody tr.selected td.selected:not(.override):not(.activeInput)","attribute":"@include importantTextColor($value)"}},{"$":{"selector":"&.disabled .horizontalOrientation .tableCells tbody tr td:nth-child(odd).selected:not(.override):not(.activeInput)","attribute":"@include importantTextColor($value)"}},{"$":{"selector":"&.disabled .horizontalOrientation .tableCells tbody tr td:nth-child(even).selected:not(.override):not(.activeInput)","attribute":"@include importantTextColor($value)"}},{"$":{"selector":"&.disabled .verticalOrientation .tableCells tbody tr.selected td.selected.override:not(.activeInput)","attribute":"@include importantTextColor($value)"}},{"$":{"selector":"&.disabled .horizontalOrientation .tableCells tbody tr td:nth-child(odd).selected.override:not(.activeInput)","attribute":"@include importantTextColor($value)"}},{"$":{"selector":"&.disabled .horizontalOrientation .tableCells tbody tr td:nth-child(even).selected.override:not(.activeInput)","attribute":"@include importantTextColor($value)"}},{"$":{"selector":"&:not(.disabled) .verticalOrientation .tableCells tbody tr.selected td.selected:not(.override).disabled:not(.activeInput)","attribute":"@include importantTextColor($value)"}},{"$":{"selector":"&:not(.disabled) .horizontalOrientation .tableCells tbody tr td:nth-child(odd).selected:not(.override).disabled:not(.activeInput)","attribute":"@include importantTextColor($value)"}},{"$":{"selector":"&:not(.disabled) .horizontalOrientation .tableCells tbody tr td:nth-child(even).selected:not(.override).disabled:not(.activeInput)","attribute":"@include importantTextColor($value)"}},{"$":{"selector":"&:not(.disabled) .verticalOrientation .tableCells tbody tr.selected td.selected.override.disabled:not(.activeInput)","attribute":"@include importantTextColor($value)"}},{"$":{"selector":"&:not(.disabled) .horizontalOrientation .tableCells tbody tr td:nth-child(odd).selected.override.disabled:not(.activeInput)","attribute":"@include importantTextColor($value)"}},{"$":{"selector":"&:not(.disabled) .horizontalOrientation .tableCells tbody tr td:nth-child(even).selected.override.disabled:not(.activeInput)","attribute":"@include importantTextColor($value)"}}],"Description":["Text color for selected entries"]},{"$":{"name":"disabledActiveBackColor","type":"Color","category":"Appearance","default":"#C7C7C7"},"StyleElement":[{"$":{"selector":"&.disabled .verticalOrientation .tableCells tbody tr.even.selected","attribute":"background-color"}},{"$":{"selector":"&.disabled .verticalOrientation .tableCells tbody tr.odd.selected","attribute":"background-color"}},{"$":{"selector":".verticalOrientation .tableCells tbody tr.even td.selected:not(.override).disabled","attribute":"background-color"}},{"$":{"selector":".verticalOrientation .tableCells tbody tr.odd td.selected:not(.override).disabled","attribute":"background-color"}},{"$":{"selector":".verticalOrientation .tableCells tbody tr.even td.selected.override.disabled","attribute":"background-color"}},{"$":{"selector":".verticalOrientation .tableCells tbody tr.odd td.selected.override.disabled","attribute":"background-color"}},{"$":{"selector":"&.disabled .horizontalOrientation .tableCells tbody tr td:nth-child(odd).selected:not(.override)","attribute":"background-color"}},{"$":{"selector":"&.disabled .horizontalOrientation .tableCells tbody tr td:nth-child(even).selected:not(.override)","attribute":"background-color"}},{"$":{"selector":"&.disabled .horizontalOrientation .tableCells tbody tr td:nth-child(odd).selected.override","attribute":"background-color"}},{"$":{"selector":"&.disabled .horizontalOrientation .tableCells tbody tr td:nth-child(even).selected.override","attribute":"background-color"}},{"$":{"selector":".horizontalOrientation .tableCells tbody tr.even td.selected:not(.override).disabled","attribute":"background-color"}},{"$":{"selector":".horizontalOrientation .tableCells tbody tr.odd td.selected:not(.override).disabled","attribute":"background-color"}},{"$":{"selector":".horizontalOrientation .tableCells tbody tr.even td.selected.override.disabled","attribute":"background-color"}},{"$":{"selector":".horizontalOrientation .tableCells tbody tr.odd td.selected.override.disabled","attribute":"background-color"}}],"Description":["Backcolor for selected table entries"]},{"$":{"name":"disabledActiveBackGroundGradient","type":"Gradient","category":"Appearance","default":""},"StyleElement":[{"$":{"selector":"&.disabled .tableCells tbody tr.selected:not(.override)","attribute":"@include backGroundGradient('$value')"}},{"$":{"selector":"&.disabled .tableCells tbody tr td.selected:not(.override)","attribute":"@include backGroundGradient('$value')"}},{"$":{"selector":"&.disabled .tableCells tbody tr.selected.override","attribute":"@include backGroundGradient('$value')"}},{"$":{"selector":"&.disabled .tableCells tbody tr td.selected.override","attribute":"@include backGroundGradient('$value')"}}],"Description":["Background gradient for selected table entries"]},{"$":{"name":"disabledBackColor","type":"Color","category":"Appearance","default":"transparent"},"StyleElement":[{"$":{"selector":"&.disabled","attribute":"background-color"}}],"Description":["Sets the background color of the widget when disabled"]},{"$":{"name":"disabledBackGroundGradient","type":"Gradient","category":"Appearance","default":""},"StyleElement":[{"$":{"selector":"&.disabled","attribute":"@include backGroundGradient('$value')"}}],"Description":["Background as a gradient"]},{"$":{"name":"disabledBackColorEvenRow","type":"Color","category":"Appearance","default":"#EAEAEA"},"StyleElement":[{"$":{"selector":"&.disabled .verticalOrientation .tableCells tbody tr.even td:not(.override)","attribute":"background-color"}},{"$":{"selector":"&.disabled .verticalOrientation .tableCells tbody tr.even","attribute":"background-color"}},{"$":{"selector":".verticalOrientation .tableCells tbody tr.even td:not(.override).disabled","attribute":"background-color"}},{"$":{"selector":"&.disabled .verticalOrientation .tableCells tbody tr.even td.override","attribute":"background-color"}}],"Description":["Backcolor for even table entries in row direction"]},{"$":{"name":"disabledBackColorOddRow","type":"Color","category":"Appearance","default":"#FFFFFF"},"StyleElement":[{"$":{"selector":"&.disabled .verticalOrientation .tableCells tbody tr.odd td:not(.override)","attribute":"background-color"}},{"$":{"selector":"&.disabled .verticalOrientation .tableCells tbody tr.odd","attribute":"background-color"}},{"$":{"selector":".verticalOrientation .tableCells tbody tr.odd td:not(.override).disabled","attribute":"background-color"}},{"$":{"selector":"&.disabled .verticalOrientation .tableCells tbody tr.odd td.override","attribute":"background-color"}},{"$":{"selector":".verticalOrientation .tableCells tbody tr.odd td.disabled.override","attribute":"background-color"}}],"Description":["Backcolor for odd table entries in row direction"]},{"$":{"name":"disabledBackColorEvenColumn","type":"Color","category":"Appearance","default":"#EAEAEA"},"StyleElement":[{"$":{"selector":"&.disabled .horizontalOrientation .tableCells tbody tr td:nth-child(even):not(.override)","attribute":"background-color"}},{"$":{"selector":" .horizontalOrientation .tableCells tbody tr td:nth-child(even).disabled:not([input=true]):not(.override):not(.selected)","attribute":"background-color"}},{"$":{"selector":"&.disabled .horizontalOrientation .tableCells tbody tr td:nth-child(even).override","attribute":"background-color"}},{"$":{"selector":" .horizontalOrientation .tableCells tbody tr td:nth-child(even).disabled:not([input=true]).override:not(.selected)","attribute":"background-color"}}],"Description":["Backcolor for even table entries in column direction"]},{"$":{"name":"disabledBackColorOddColumn","type":"Color","category":"Appearance","default":"#FFFFFF"},"StyleElement":[{"$":{"selector":"&.disabled .horizontalOrientation .tableCells tbody tr td:nth-child(odd):not(.override)","attribute":"background-color"}},{"$":{"selector":".horizontalOrientation .tableCells tbody tr td:nth-child(odd).disabled:not([input=true]):not(.override):not(.selected)","attribute":"background-color"}},{"$":{"selector":"&.disabled .horizontalOrientation .tableCells tbody tr td:nth-child(odd).override","attribute":"background-color"}},{"$":{"selector":".horizontalOrientation .tableCells tbody tr td:nth-child(odd).disabled:not([input=true]).override:not(.selected)","attribute":"background-color"}}],"Description":["Backcolor for odd table entries in column direction"]},{"$":{"name":"disabledBorderColor","type":"Color","category":"Appearance","default":"#C8C8C8"},"StyleElement":[{"$":{"selector":"&.disabled","attribute":"border-color"}}],"Description":["Sets the border color of the widget when disabled. For further information, please see its type"]},{"$":{"name":"disabledCellBorderColor","type":"Color","category":"Appearance","default":"#C8C8C8"},"StyleElement":[{"$":{"selector":"&:not(.disabled) .tableCells tbody tr td.disabled","attribute":"border-color"}},{"$":{"selector":"&.disabled .tableCells tbody tr td","attribute":"border-color"}},{"$":{"selector":"&.disabled .tableHeader div","attribute":"border-color"}}],"Description":["Sets the border color of each cell when disabled. For further information, please see its type"]},{"$":{"name":"disabledItemBorderColor","type":"Color","category":"Appearance","default":"#C8C8C8"},"StyleElement":[{"$":{"selector":"&.breaseTable .verticalOrientation .tableCells tbody tr td.nextItemDisabled","attribute":"border-right-color"}},{"$":{"selector":"&.breaseTable .horizontalOrientation .tableCells tbody tr td.nextItemDisabled","attribute":"border-bottom-color"}},{"$":{"selector":"&.breaseTable .tableCells tbody tr td.disabled","attribute":"border-color"}},{"$":{"selector":"&.breaseTable .tableHeader div.disabled","attribute":"border-color"}},{"$":{"selector":"&.breaseTable .horizontalOrientation .tableHeader div.nextItemDisabled","attribute":"border-bottom-color"}},{"$":{"selector":"&.breaseTable .verticalOrientation .tableHeader div.nextItemDisabled","attribute":"border-right-color"}}],"Description":["Border color of a disabled item (can be row or column - depends on the configuration)"]},{"$":{"name":"disabledHeaderTextColor","type":"Color","category":"Appearance","default":"#C8C8C8"},"StyleElement":[{"$":{"selector":"&.disabled .tableHeader>.headerElement.override > span","attribute":"@include importantTextColor($value)"}},{"$":{"selector":"&.disabled .tableHeader>.headerElement > span","attribute":"@include importantTextColor($value)"}},{"$":{"selector":".tableHeader div:not(.override).disabled > span","attribute":"color"}},{"$":{"selector":".tableHeader div.override.disabled > span","attribute":"color"}}],"Description":["Sets the header text color when the widget is disabled"]},{"$":{"name":"disabledHeaderBackColor","type":"Color","category":"Appearance","default":"#FCFCFC"},"StyleElement":[{"$":{"selector":"&.disabled .tableHeader>.headerElement.override","attribute":"@include importantBackColor($value)"}},{"$":{"selector":"&.disabled .tableHeader>.headerElement","attribute":"@include importantBackColor($value)"}},{"$":{"selector":".tableHeader>.headerElement:not(.override).disabled","attribute":"background-color"}},{"$":{"selector":".tableHeader>.headerElement.override.disabled","attribute":"background-color"}}],"Description":["Text color for selected entries"]},{"$":{"name":"disabledHeaderGradient","type":"Gradient","category":"Appearance","default":""},"StyleElement":[{"$":{"selector":"&.disabled .tableHeader>.headerElement.override","attribute":"@include importantGradient($value)"}},{"$":{"selector":"&.disabled .tableHeader>.headerElement","attribute":"@include importantGradient($value)"}},{"$":{"selector":".tableHeader>.headerElement:not(.override).disabled","attribute":"@include backGroundGradient('$value')"}},{"$":{"selector":".tableHeader>.headerElement.override.disabled","attribute":"@include backGroundGradient('$value')"}}],"Description":["Background gradient for table header"]},{"$":{"name":"disabledTextColor","type":"Color","category":"Appearance","default":"#C8C8C8"},"StyleElement":[{"$":{"selector":"&.disabled .tableCells td:not(.override)","attribute":"@include importantTextColor($value)"}},{"$":{"selector":"&.disabled .tableCells td.override","attribute":"@include importantTextColor($value)"}},{"$":{"selector":"&:not(.disabled) .verticalOrientation .tableCells tbody tr.odd td:not(.override):not(.selected).disabled","attribute":"@include importantTextColor($value)"}},{"$":{"selector":"&:not(.disabled) .verticalOrientation .tableCells tbody tr.even td:not(.override):not(.selected).disabled","attribute":"@include importantTextColor($value)"}},{"$":{"selector":"&:not(.disabled) .verticalOrientation .tableCells tbody tr.odd td.override:not(.selected).disabled","attribute":"@include importantTextColor($value)"}},{"$":{"selector":"&:not(.disabled) .verticalOrientation .tableCells tbody tr.even td.override:not(.selected).disabled","attribute":"@include importantTextColor($value)"}},{"$":{"selector":"&:not(.disabled) .horizontalOrientation .tableCells tbody tr.odd td:not(.override):not(.selected).disabled","attribute":"@include importantTextColor($value)"}},{"$":{"selector":"&:not(.disabled) .horizontalOrientation .tableCells tbody tr.even td:not(.override):not(.selected).disabled","attribute":"@include importantTextColor($value)"}},{"$":{"selector":"&:not(.disabled) .horizontalOrientation .tableCells tbody tr.odd td.override:not(.selected).disabled","attribute":"@include importantTextColor($value)"}},{"$":{"selector":"&:not(.disabled) .horizontalOrientation .tableCells tbody tr.even td.override:not(.selected).disabled","attribute":"@include importantTextColor($value)"}}],"Description":["Sets the text color when the widget is disabled"]},{"$":{"name":"fontName","type":"FontName","default":"Arial","category":"Font"},"StyleElement":[{"$":{"selector":".tableHeader div:not(.override)","attribute":"font-family"}},{"$":{"selector":".tableCells tbody tr td:not(.override)","attribute":"font-family"}}],"Description":["Fontname of the text"]},{"$":{"name":"fontSize","type":"PixelVal","category":"Font","default":"14px"},"StyleElement":[{"$":{"selector":".tableCells tbody tr td:not(.override)","attribute":"font-size"}}],"Description":["Fontsize of the header text"]},{"$":{"name":"headerBackColor","type":"Color","category":"Appearance","default":"#FCFCFC"},"StyleElement":[{"$":{"selector":"&:not(.disabled) .tableHeader>.headerElement:not(.override):not(.disabled)","attribute":"background-color"}}],"Description":["Text color for selected entries"]},{"$":{"name":"headerGradient","type":"Gradient","category":"Appearance","default":""},"StyleElement":[{"$":{"selector":"&:not(.disabled) .tableHeader>.headerElement:not(.override):not(.disabled)","attribute":"@include backGroundGradient('$value')"}}],"Description":["Background gradient for table header"]},{"$":{"name":"headerTextColor","type":"Color","category":"Appearance","default":"#333333"},"StyleElement":[{"$":{"selector":"&:not(.disabled)> .container > .dataTables_wrapper > .dataTables_scrollHead > .tableHeader > .headerElement:not(.override):not(.disabled) > span","attribute":"color"}}],"Description":["Sets the header text color"]},{"$":{"name":"headerFontSize","type":"PixelVal","default":"14px","category":"Font"},"StyleElement":[{"$":{"selector":".tableHeader div:not(.override)","attribute":"font-size"}}],"Description":["Fontsize of the header text"]},{"$":{"name":"sortingButtonColor","category":"Appearance","type":"Color","default":"#ececec"},"StyleElement":[{"$":{"selector":"svg > g > path.unselected","attribute":"fill"}}],"Description":["Color of the arrow that is not the sorted way"]},{"$":{"name":"sortingButtonActiveColor","category":"Appearance","type":"Color","default":"#5f8dd3"},"StyleElement":[{"$":{"selector":"svg > g > path.selected","attribute":"fill"}}],"Description":["Color of the arrow that is the sorted way"]},{"$":{"name":"textColor","type":"Color","category":"Appearance","default":"#333333"},"StyleElement":[{"$":{"selector":"&:not(.disabled) .tableCells td:not(.override):not(.disabled)","attribute":"color"}}],"Description":["Sets the text color"]},{"$":{"name":"bold","type":"Boolean","default":"false","category":"Font"},"StyleElement":[{"$":{"selector":".tableHeader div:not(.override)","attribute":"@include font-weight-bold($value)"}},{"$":{"selector":".tableCells tbody tr td:not(.override)","attribute":"@include font-weight-bold($value)"}}],"Description":["If **true** font style is bold"]},{"$":{"name":"italic","type":"Boolean","default":"false","category":"Font"},"StyleElement":[{"$":{"selector":".tableHeader div:not(.override)","attribute":"@include font-style-italic($value)"}},{"$":{"selector":".tableCells tbody tr td:not(.override)","attribute":"@include font-style-italic($value)"}}],"Description":["If **true** font style is italic"]},{"$":{"name":"opacity","type":"Opacity","category":"Appearance","default":"1"},"StyleElement":[{"$":{"attribute":"opacity"}}],"Description":["Opacity of the widget"]},{"$":{"name":"shadow","type":"Shadow","category":"Appearance","default":"none"},"StyleElement":[{"$":{"attribute":"@include box-shadow($value)"}}],"Description":["Shadow of the Widget"]}],"$":{}},"propertygroups":{"PropertyGroup":[{"$":{"name":"Size","type":"String","category":"Layout"},"Description":["outer height and width of widget"]},{"$":{"name":"Position","type":"String","category":"Layout"},"Description":["top and left of widget"]},{"$":{"name":"CellSize","type":"String","category":"Appearance"},"Description":["outer height and width of Cell"]},{"$":{"name":"ScrollSynchronization","type":"String","category":"Behavior"},"Description":["Synchronize scrolling in vertical and horizontal direction"]}]}}