{"name":"widgets.brease.OnlineChartTimeAxis","type":"widget","meta":{"superClass":"widgets.brease.ChartXAxisWidget","requires":[],"mixins":[],"parents":["widgets.brease.OnlineChart"],"children":[],"inheritance":["widgets.brease.OnlineChartTimeAxis","widgets.brease.ChartXAxisWidget","brease.core.ContainerWidget","brease.core.BaseWidget"],"isContainer":"true","filePath":"widgets/brease/OnlineChartTimeAxis/OnlineChartTimeAxis.js"},"methods":[{"name":"setAxisLabel","originalName":"setAxisLabel","read":false,"description":"<p>Sets Description text of axis</p>\n","iatStudioExposed":false,"parameter":[{"name":"axisLabel","type":"String","index":0,"description":"\n","optional":false}]},{"name":"setAxisLabelDistance","originalName":"setAxisLabelDistance","read":false,"description":"<p>Sets axisLabelDistance</p>\n","iatStudioExposed":false,"parameter":[{"name":"axisLabelDistance","type":"PixelVal","index":0,"description":"\n","optional":false}]},{"name":"setAxisPosition","originalName":"setAxisPosition","read":false,"description":"<p>Sets position of the axis with respect to the graph area</p>\n","iatStudioExposed":false,"parameter":[{"name":"axisPosition","type":"brease.enum.VerticalAlign","index":0,"description":"\n","optional":false}]},{"name":"setEditable","originalName":"setEditable","read":false,"description":"<p>Sets the state of property «editable»<br/>\nUsed for «editable» binding; method is called exclusevely by the framework</p>\n","iatStudioExposed":false,"parameter":[{"name":"editable","type":"Boolean","index":0,"description":"\n","optional":false},{"name":"metaData","type":"Object","index":1,"description":"\n","optional":false}]},{"name":"SetEnable","originalName":"setEnable","read":false,"description":"<p>Sets the state of property «enable»</p>\n","iatStudioExposed":true,"parameter":[{"name":"value","type":"Boolean","index":0,"description":"\n","optional":false}]},{"name":"setFormat","originalName":"setFormat","read":false,"description":"<p>Sets format</p>\n","iatStudioExposed":false,"parameter":[{"name":"format","type":"String","index":0,"description":"\n","optional":false}]},{"name":"SetStyle","originalName":"setStyle","read":false,"description":"\n","iatStudioExposed":true,"parameter":[{"name":"value","type":"StyleReference","index":0,"description":"\n","optional":false}]},{"name":"setTickLabelDistance","originalName":"setTickLabelDistance","read":false,"description":"<p>Sets distance for the tick labels of the axis to the preferred distance to the axis</p>\n","iatStudioExposed":false,"parameter":[{"name":"tickLabelDistance","type":"PixelVal","index":0,"description":"\n","optional":false}]},{"name":"setTickLabelRotation","originalName":"setTickLabelRotation","read":false,"description":"<p>Sets rotation for the tick labels of the axis to the preferred angle</p>\n","iatStudioExposed":false,"parameter":[{"name":"tickLabelRotation","type":"Rotation","index":0,"description":"\n","optional":false}]},{"name":"setTimeSpan","originalName":"setTimeSpan","read":false,"description":"<p>Sets timeSpan in seconds</p>\n","iatStudioExposed":false,"parameter":[{"name":"timeSpan","type":"UInteger","index":0,"description":"\n","optional":false}]},{"name":"SetVisible","originalName":"setVisible","read":false,"description":"<p>Sets the state of property «visible»</p>\n","iatStudioExposed":true,"parameter":[{"name":"value","type":"Boolean","index":0,"description":"\n","optional":false}]}],"events":[{"name":"Click","description":"<p>Fired when element is clicked on.</p>\n","parameter":[{"name":"origin","type":"String","index":0,"description":"<p>id of widget that triggered this event</p>\n\n\n\n","optional":false},{"name":"horizontalPos","type":"String","index":1,"description":"<p>horizontal position of click in pixel i.e '10px'</p>\n\n\n\n","optional":false},{"name":"verticalPos","type":"String","index":2,"description":"<p>vertical position of click in pixel i.e '10px'</p>\n\n\n\n","optional":false}]},{"name":"DisabledClick","description":"<p>Fired when disabled element is clicked on.</p>\n","parameter":[{"name":"origin","type":"String","index":0,"description":"<p>id of widget that triggered this event</p>\n","optional":false},{"name":"hasPermission","type":"Boolean","index":1,"description":"<p>defines if the state is caused due to missing\nroles of the current user</p>\n","optional":false}]},{"name":"EnableChanged","description":"<p>Fired when operability of the widget changes.</p>\n","parameter":[{"name":"value","type":"Boolean","index":0,"description":"<p>operability</p>\n\n\n\n","optional":false}]},{"name":"VisibleChanged","description":"<p>Fired when the visibility of the widget changes.</p>\n","parameter":[{"name":"value","type":"Boolean","index":0,"description":"<p>visibility</p>\n\n\n\n","optional":false}]}],"properties":[{"name":"axisLabel","type":"String","initOnly":true,"localizable":true,"editableBinding":false,"readOnly":false,"required":false,"owner":"widgets.brease.ChartXAxisWidget","projectable":true,"description":"Axis label\n","category":"Appearance","defaultValue":""},{"name":"axisLabelDistance","type":"PixelVal","initOnly":true,"localizable":false,"editableBinding":false,"readOnly":false,"required":false,"owner":"widgets.brease.ChartXAxisWidget","projectable":true,"description":"Distance between the label and the axis\n","category":"Appearance","defaultValue":"30px"},{"name":"axisPosition","type":"brease.enum.VerticalAlign","initOnly":true,"localizable":false,"editableBinding":false,"readOnly":false,"required":false,"owner":"widgets.brease.ChartXAxisWidget","projectable":true,"description":"Position of the x-Axis with respect to the graph area.\n","category":"Appearance","defaultValue":"bottom"},{"name":"enable","type":"Boolean","initOnly":false,"localizable":false,"editableBinding":false,"readOnly":false,"required":false,"owner":"brease.core.BaseWidget","projectable":true,"description":"Initial option to enable widget.\n","category":"Behavior","defaultValue":"true"},{"name":"format","type":"String","initOnly":false,"localizable":false,"editableBinding":false,"readOnly":false,"required":false,"owner":"widgets.brease.OnlineChartTimeAxis","projectable":true,"description":"Specifies the format of the time shown on the axis ticks\n","category":"Appearance","defaultValue":"mm:ss"},{"name":"style","type":"StyleReference","initOnly":false,"localizable":false,"editableBinding":false,"readOnly":false,"required":false,"owner":"brease.core.BaseWidget","projectable":true,"description":"reference to a style for this widget type\n","category":"Appearance","defaultValue":"default"},{"name":"tickLabelDistance","type":"PixelVal","initOnly":true,"localizable":false,"editableBinding":false,"readOnly":false,"required":false,"owner":"widgets.brease.ChartXAxisWidget","projectable":true,"description":"Move the tick labels of the axis to the preferred distance to the axis\n","category":"Appearance","defaultValue":"9px"},{"name":"tickLabelRotation","type":"Rotation","initOnly":true,"localizable":false,"editableBinding":false,"readOnly":false,"required":false,"owner":"widgets.brease.ChartXAxisWidget","projectable":true,"description":"Rotate the tick labels of the axis to the preferred angle\n","category":"Appearance","defaultValue":"0deg"},{"name":"timeSpan","type":"UInteger","initOnly":true,"localizable":false,"editableBinding":false,"readOnly":false,"required":false,"owner":"widgets.brease.OnlineChartTimeAxis","projectable":true,"description":"Period of time in seconds shown in the graph\n","category":"Behavior","defaultValue":"60"},{"name":"visible","type":"Boolean","initOnly":false,"localizable":false,"editableBinding":false,"readOnly":false,"required":false,"owner":"brease.core.BaseWidget","projectable":true,"description":"change visibility\n","category":"Behavior","defaultValue":"true"},{"name":"zIndex","type":"UInteger","description":"The zIndex property specifies the z-order of a widget and its childs.<br/>\r\n        When widgets overlap, z-order determines which one covers the other. A widget with a larger zIndex generally covers a widget with a lower one.<br/>\r\n        The zIndex must be unique within a content.<br/>","initOnly":true,"required":true,"readOnly":false,"projectable":true,"owner":"brease.core.BaseWidget","hide":false,"cssProp":true},{"name":"height","type":"Size","defaultValue":"50","description":"Outer height of widget","initOnly":true,"required":false,"readOnly":false,"projectable":true,"owner":"widgets.brease.ChartXAxisWidget","hide":false,"cssProp":true}],"dependencies":{"files":["widgets/brease/ChartXAxisWidget/ChartXAxisWidget.js","brease/decorators/LanguageDependency.js"],"widgets":["widgets/brease/OnlineChartTimeAxis/OnlineChartTimeAxis.js","widgets/brease/ChartXAxisWidget/ChartXAxisWidget.js"]},"categories":{"Category":["Chart","Container"]},"descriptions":{"short":"TimeAxis","de":"Widget zur Representation der Zeitachse","en":"Widget to represent the time axis"},"superproperties":{"id":{"type":"WidgetId"},"enable":{"type":"Boolean"},"permissionOperate":{"type":"RoleCollection"},"permissionView":{"type":"RoleCollection"},"style":{"type":"StyleReference"},"tooltip":{"type":"String"},"visible":{"type":"Boolean"},"zIndex":{"type":"UInteger"},"left":{"type":"Integer"},"top":{"type":"Integer"},"height":{"type":"AutoSize"},"width":{"type":"AutoSize"}},"styleproperties":{"StyleProperty":[{"$":{"name":"axisColor","category":"Appearance","type":"Color","default":"#000000"},"StyleElement":[{"$":{"idsuffix":"_breaseChartXAxis","selector":"&:not(.disabled) path","attribute":"stroke"}},{"$":{"idsuffix":"_breaseChartXAxis","selector":"&:not(.disabled) line","attribute":"stroke"}},{"$":{"idsuffix":"_breaseChartXAxis","selector":"&:not(.disabled) text","attribute":"fill"}},{"$":{"selector":"&.editMode.breaseChartXAxisWidget:not(.disabled) path","attribute":"stroke"}},{"$":{"selector":"&.editMode.breaseChartXAxisWidget:not(.disabled) line","attribute":"stroke"}},{"$":{"selector":"&.editMode.breaseChartXAxisWidget:not(.disabled) text","attribute":"fill"}}],"Description":["Color of the axis and its labels"]},{"$":{"name":"disabledAxisColor","category":"Appearance","type":"Color","default":"#EEEEEE"},"StyleElement":[{"$":{"idsuffix":"_breaseChartXAxis","selector":"&.disabled path","attribute":"stroke"}},{"$":{"idsuffix":"_breaseChartXAxis","selector":"&.disabled line","attribute":"stroke"}},{"$":{"idsuffix":"_breaseChartXAxis","selector":"&.disabled text","attribute":"fill"}},{"$":{"selector":"&.editMode.breaseChartXAxisWidget.disabled path","attribute":"stroke"}},{"$":{"selector":"&.editMode.breaseChartXAxisWidget.disabled line","attribute":"stroke"}},{"$":{"selector":"&.editMode.breaseChartXAxisWidget.disabled text","attribute":"fill"}}],"Description":["Color of the axis and its labels when it is disabled"]}],"$":{}},"propertygroups":{"PropertyGroup":[{"$":{"name":"Size","type":"String","category":"Layout"},"Description":["outer height and width of widget"]},{"$":{"name":"Position","type":"String","category":"Layout"},"Description":["top and left of widget"]}]}}