{"name":"widgets.brease.TabItem","type":"widget","meta":{"superClass":"brease.core.ContainerWidget","requires":[],"mixins":["widgets.brease.common.DragDropProperties.libs.DroppablePropertiesEvents"],"parents":["widgets.brease.TabControl"],"children":["*"],"inheritance":["widgets.brease.TabItem","brease.core.ContainerWidget","brease.core.BaseWidget"],"isContainer":"true","filePath":"widgets/brease/TabItem/TabItem.js"},"methods":[{"name":"RemoveImage","originalName":"removeImage","read":false,"description":"<p>Remove an image.</p>\n","iatStudioExposed":true},{"name":"RemoveText","originalName":"removeText","read":false,"description":"<p>Remove text.</p>\n","iatStudioExposed":true},{"name":"setEditable","originalName":"setEditable","read":false,"description":"<p>Sets the state of property «editable»<br/>\nUsed for «editable» binding; method is called exclusevely by the framework</p>\n","iatStudioExposed":false,"parameter":[{"name":"editable","type":"Boolean","index":0,"description":"\n","optional":false},{"name":"metaData","type":"Object","index":1,"description":"\n","optional":false}]},{"name":"setEllipsis","originalName":"setEllipsis","read":false,"description":"<p>Sets ellipsis</p>\n","iatStudioExposed":false,"parameter":[{"name":"ellipsis","type":"Boolean","index":0,"description":"\n","optional":false}]},{"name":"SetEnable","originalName":"setEnable","read":false,"description":"<p>Sets the state of property «enable»</p>\n","iatStudioExposed":true,"parameter":[{"name":"value","type":"Boolean","index":0,"description":"\n","optional":false}]},{"name":"SetImage","originalName":"setImage","read":false,"description":"<p>Sets an image.</p>\n","iatStudioExposed":true,"parameter":[{"name":"image","type":"ImagePath","index":0,"description":"\n","optional":false}]},{"name":"setImageAlign","originalName":"setImageAlign","read":false,"description":"<p>Sets imageAlign</p>\n","iatStudioExposed":false,"parameter":[{"name":"imageAlign","type":"brease.enum.ImageAlign","index":0,"description":"\n","optional":false}]},{"name":"setLeft","originalName":"setLeft","read":false,"description":"<p>Sets left</p>\n","iatStudioExposed":false,"parameter":[{"name":"left","type":"Integer","index":0,"description":"\n","optional":false}]},{"name":"setMouseDownImage","originalName":"setMouseDownImage","read":false,"description":"<p>Sets mouseDownImage</p>\n","iatStudioExposed":false,"parameter":[{"name":"mouseDownImage","type":"ImagePath","index":0,"description":"\n","optional":false}]},{"name":"setMultiLine","originalName":"setMultiLine","read":false,"description":"<p>Sets multiLine</p>\n","iatStudioExposed":false,"parameter":[{"name":"multiLine","type":"Boolean","index":0,"description":"\n","optional":false}]},{"name":"SetStyle","originalName":"setStyle","read":false,"description":"\n","iatStudioExposed":true,"parameter":[{"name":"value","type":"StyleReference","index":0,"description":"\n","optional":false}]},{"name":"SetText","originalName":"setText","read":false,"description":"<p>Sets the visible text. This method can remove an optional textkey.</p>\n","iatStudioExposed":true,"parameter":[{"name":"text","type":"String","index":0,"description":"\n","optional":false,"localizable":"true"},{"name":"keepKey","type":"Boolean","index":1,"description":"<p>Set true, if textkey should not be removed.</p>\n","optional":false}]},{"name":"setTextKey","originalName":"setTextKey","read":false,"description":"<p>set the textkey</p>\n","iatStudioExposed":false,"parameter":[{"name":"key","type":"String","index":0,"description":"<p>The new textkey</p>\n","optional":false}]},{"name":"SetVisible","originalName":"setVisible","read":false,"description":"<p>Sets the state of property «visible»</p>\n","iatStudioExposed":true,"parameter":[{"name":"value","type":"Boolean","index":0,"description":"\n","optional":false}]},{"name":"setWordWrap","originalName":"setWordWrap","read":false,"description":"<p>Sets wordWrap</p>\n","iatStudioExposed":false,"parameter":[{"name":"wordWrap","type":"Boolean","index":0,"description":"\n","optional":false}]},{"name":"ShowTooltip","originalName":"showTooltip","read":false,"description":"\n","iatStudioExposed":true}],"events":[{"name":"Click","description":"<p>Fired when element is clicked on.</p>\n","parameter":[{"name":"origin","type":"String","index":0,"description":"<p>id of widget that triggered this event</p>\n\n\n\n","optional":false},{"name":"horizontalPos","type":"String","index":1,"description":"<p>horizontal position of click in pixel i.e '10px'</p>\n\n\n\n","optional":false},{"name":"verticalPos","type":"String","index":2,"description":"<p>vertical position of click in pixel i.e '10px'</p>\n\n\n\n","optional":false}]},{"name":"DisabledClick","description":"<p>Fired when disabled element is clicked on.</p>\n","parameter":[{"name":"origin","type":"String","index":0,"description":"<p>id of widget that triggered this event</p>\n","optional":false},{"name":"hasPermission","type":"Boolean","index":1,"description":"<p>defines if the state is caused due to missing</p>\n","optional":false},{"name":"horizontalPos","type":"String","index":2,"description":"<p>horizontal position of click in pixel i.e '10px'</p>\n","optional":false},{"name":"verticalPos","type":"String","index":3,"description":"<p>vertical position of click in pixel i.e '10px'\nroles of the current user</p>\n","optional":false}]},{"name":"EnableChanged","description":"<p>Fired when operability of the widget changes.</p>\n","parameter":[{"name":"value","type":"Boolean","index":0,"description":"<p>operability</p>\n\n\n\n","optional":false}]},{"name":"OnDragEnter","description":"<p>Fired when element has onDragEnter.</p>\n","parameter":[{"name":"contentId","type":"String","index":0,"description":"<p>content id of the widget that has been entering the droppable widget</p>\n","optional":false},{"name":"widgetId","type":"String","index":1,"description":"<p>id of the widget that has been entering the droppable widget</p>\n","optional":false}]},{"name":"OnDragLeave","description":"<p>Fired when element has OnDragLeave.</p>\n","parameter":[{"name":"contentId","type":"String","index":0,"description":"<p>content id of the widget that has been leaving the droppable widget</p>\n","optional":false},{"name":"widgetId","type":"String","index":1,"description":"<p>id of the widget that has been leaving the droppable widget</p>\n","optional":false}]},{"name":"OnDrop","description":"<p>Fired when element has OnDrop.</p>\n","parameter":[{"name":"contentId","type":"String","index":0,"description":"<p>content id of the widget that has been dropped on the droppable widget</p>\n","optional":false},{"name":"widgetId","type":"String","index":1,"description":"<p>id of the widget that has been dropped on the droppable widget</p>\n","optional":false}]},{"name":"VisibleChanged","description":"<p>Fired when the visibility of the widget changes.</p>\n","parameter":[{"name":"value","type":"Boolean","index":0,"description":"<p>visibility</p>\n\n\n\n","optional":false}]}],"properties":[{"name":"ellipsis","type":"Boolean","initOnly":true,"localizable":false,"editableBinding":false,"readOnly":false,"required":false,"owner":"widgets.brease.TabItem","projectable":true,"description":"If true, overflow of text is symbolized with an ellipsis. This option has no effect, if wordWrap = true.\n","category":"Behavior","defaultValue":"false"},{"name":"enable","type":"Boolean","initOnly":false,"localizable":false,"editableBinding":false,"readOnly":false,"required":false,"owner":"brease.core.BaseWidget","projectable":true,"description":"Initial option to enable widget.\n","category":"Behavior","defaultValue":"true"},{"name":"image","type":"ImagePath","initOnly":false,"localizable":false,"editableBinding":false,"readOnly":false,"required":false,"owner":"widgets.brease.TabItem","projectable":true,"description":"Path to an optional image.\n<br>When svg - graphics are used, be sure that in your *.svg-file height and width attributes are specified on the &lt;svg&gt; element.\nFor more detailed information see https://www.w3.org/TR/SVG/struct.html (chapter 5.1.2)\n","category":"Appearance","defaultValue":""},{"name":"imageAlign","type":"brease.enum.ImageAlign","initOnly":true,"localizable":false,"editableBinding":false,"readOnly":false,"required":false,"owner":"widgets.brease.TabItem","projectable":true,"description":"Position of image relative to text.\n","category":"Appearance","defaultValue":"left"},{"name":"mouseDownImage","type":"ImagePath","initOnly":true,"localizable":false,"editableBinding":false,"readOnly":false,"required":false,"owner":"widgets.brease.TabItem","projectable":true,"description":"Path to an optional image for mouseDown.\n<br>When svg - graphics are used, be sure that in your *.svg-file height and width attributes are specified on the &lt;svg&gt; element.\nFor more detailed information see https://www.w3.org/TR/SVG/struct.html (chapter 5.1.2)\n","category":"Appearance","defaultValue":""},{"name":"multiLine","type":"Boolean","initOnly":true,"localizable":false,"editableBinding":false,"readOnly":false,"required":false,"owner":"widgets.brease.TabItem","projectable":true,"description":"If true, more than one line is possible. Text will wrap when necessary (wordWrap=true) or at line breaks (\\n).\nIf false, text will never wrap to the next line. The text continues on the same line.\n","category":"Behavior","defaultValue":"false"},{"name":"permissionOperate","type":"RoleCollection","initOnly":true,"localizable":false,"editableBinding":false,"readOnly":false,"required":false,"owner":"brease.core.BaseWidget","projectable":true,"description":"restricts operability to users, which have given roles\n","category":"Accessibility"},{"name":"permissionView","type":"RoleCollection","initOnly":true,"localizable":false,"editableBinding":false,"readOnly":false,"required":false,"owner":"brease.core.BaseWidget","projectable":true,"description":"restricts visibility to users, which have given roles\n","category":"Accessibility"},{"name":"style","type":"StyleReference","initOnly":false,"localizable":false,"editableBinding":false,"readOnly":false,"required":false,"owner":"brease.core.BaseWidget","projectable":true,"description":"reference to a style for this widget type\n","category":"Appearance","defaultValue":"default"},{"name":"text","type":"String","initOnly":false,"localizable":true,"editableBinding":false,"readOnly":false,"required":false,"owner":"widgets.brease.TabItem","projectable":true,"description":"Text which is displayed in the button\n","category":"Appearance","defaultValue":""},{"name":"tooltip","type":"String","initOnly":true,"localizable":true,"editableBinding":false,"readOnly":false,"required":false,"owner":"brease.core.BaseWidget","projectable":true,"description":"reference to a tooltip for a widget\n","category":"Appearance","defaultValue":""},{"name":"visible","type":"Boolean","initOnly":false,"localizable":false,"editableBinding":false,"readOnly":false,"required":false,"owner":"brease.core.BaseWidget","projectable":true,"description":"change visibility\n","category":"Behavior","defaultValue":"true"},{"name":"wordWrap","type":"Boolean","initOnly":true,"localizable":false,"editableBinding":false,"readOnly":false,"required":false,"owner":"widgets.brease.TabItem","projectable":true,"description":"If true, text will wrap when necessary.\n","category":"Behavior","defaultValue":"false"},{"name":"imageHeight","type":"ImageSize","defaultValue":"0","description":"height of the image","initOnly":true,"required":false,"readOnly":false,"projectable":true,"hide":false,"cssProp":true},{"name":"imageWidth","type":"ImageSize","defaultValue":"0","description":"width of the image","initOnly":true,"required":false,"readOnly":false,"projectable":true,"hide":false,"cssProp":true},{"name":"zIndex","type":"UInteger","description":"The zIndex property specifies the z-order of a widget and its childs.<br/>\r\n        When widgets overlap, z-order determines which one covers the other. A widget with a larger zIndex generally covers a widget with a lower one.<br/>\r\n        The zIndex must be unique within a content.<br/>","initOnly":true,"required":true,"readOnly":false,"projectable":true,"owner":"brease.core.BaseWidget","hide":false,"cssProp":true},{"name":"left","type":"Integer","description":"Applies an offset to the TabItem relative to its \"nominal\" position. For instance, if a space of 10px is desired between each \r\n      TabItem within a TabControl, the following should be configured: First TabItem: left=\"0px\" / Second TabItem: left=\"10px\" / Third TabItem: left=\"20px\" / ...","initOnly":true,"required":false,"readOnly":false,"projectable":true,"owner":"widgets.brease.TabItem","hide":false,"cssProp":true},{"name":"height","type":"Size","defaultValue":"30","description":"outer height of widget","initOnly":true,"required":false,"readOnly":false,"projectable":true,"owner":"widgets.brease.TabItem","hide":false,"cssProp":true},{"name":"width","type":"Size","defaultValue":"100","description":"outer width of widget","initOnly":true,"required":false,"readOnly":false,"projectable":true,"owner":"widgets.brease.TabItem","hide":false,"cssProp":true}],"dependencies":{"files":["brease/core/ContainerWidget.js","brease/decorators/LanguageDependency.js","brease/enum/Enum.js","brease/core/Types.js","brease/events/BreaseEvent.js","widgets/brease/common/libs/wfUtils/UtilsImage.js","brease/decorators/DragAndDropCapability.js"],"widgets":["widgets/brease/TabItem/TabItem.js"]},"categories":{"Category":["Container"]},"descriptions":{"short":"Tab plus content in a TabController","de":"Konfiguriert einen Tab im TabController","en":"Configures one tab in a TabController"},"superproperties":{"id":{"type":"WidgetId"},"enable":{"type":"Boolean"},"permissionOperate":{"type":"RoleCollection"},"permissionView":{"type":"RoleCollection"},"style":{"type":"StyleReference"},"tooltip":{"type":"String"},"visible":{"type":"Boolean"},"zIndex":{"type":"UInteger"},"left":{"type":"Integer"},"top":{"type":"Integer"},"height":{"type":"AutoSize"},"width":{"type":"AutoSize"}},"styleproperties":{"StyleProperty":[{"$":{"name":"imageColor","category":"Appearance","type":"Color","default":"#000000"},"StyleElement":[{"$":{"idsuffix":"_breaseTabItemTab","selector":"&:not(.active):not(.disabled) > svg","attribute":"fill"}}],"Description":["Color of the image - only apply if a SVG image is used"]},{"$":{"name":"mouseDownImageColor","category":"Appearance","type":"Color","default":"#000000"},"StyleElement":[{"$":{"idsuffix":"_breaseTabItemTab","selector":"&.active > svg","attribute":"fill"}}],"Description":["Color of the image - only apply if a SVG image is used"]},{"$":{"name":"borderStyle","type":"BorderStyle","category":"Appearance","default":"solid"},"StyleElement":[{"$":{"idsuffix":"_breaseTabItemTab","selector":"&.tabItem:not(.active)","attribute":"border-style"}}],"Description":["Sets the border style of the tab. For further information, please see its type"]},{"$":{"name":"borderWidth","category":"Appearance","type":"PixelValCollection","default":"2px"},"StyleElement":[{"$":{"idsuffix":"_breaseTabItemTab","selector":"&.tabItem:not(.active)","attribute":"border-width"}}],"Description":["Sets the border width of the tab. For further information, please see its type"]},{"$":{"name":"cornerRadius","category":"Appearance","type":"PixelValCollection","default":"5px 5px 0px 0px"},"StyleElement":[{"$":{"idsuffix":"_breaseTabItemTab","selector":"&.tabItem:not(.active)","attribute":"@include border-radius($value)"}}],"Description":["Sets the radius of the tab rounded corners. For further information, please see its type"]},{"$":{"name":"borderColor","category":"Appearance","type":"ColorCollection","default":"#5B7C70"},"StyleElement":[{"$":{"idsuffix":"_breaseTabItemTab","selector":"&.tabItem:not(.active)","attribute":"border-color"}}],"Description":["Sets the border color of the tab"]},{"$":{"name":"backColor","category":"Appearance","type":"Color","default":"#DBDBDB"},"StyleElement":[{"$":{"idsuffix":"_breaseTabItemTab","selector":"&.tabItem:not(.active)","attribute":"background-color"}}],"Description":["Sets the background color of the tab"]},{"$":{"name":"backGroundGradient","category":"Appearance","type":"Gradient","default":""},"StyleElement":[{"$":{"idsuffix":"_breaseTabItemTab","selector":"&.tabItem:not(.active)","attribute":"@include backGroundGradient('$value')"}}],"Description":["Sets the background color of the tab as gradient. For further information, please see CSS Gradients"]},{"$":{"name":"textColor","category":"Appearance","type":"Color","default":"#000000"},"StyleElement":[{"$":{"idsuffix":"_breaseTabItemTab","selector":"&.tabItem:not(.active) span","attribute":"color"}}],"Description":["Sets the color of the text displayed on the tab"]},{"$":{"name":"activeBorderStyle","type":"BorderStyle","category":"Appearance","default":"solid"},"StyleElement":[{"$":{"idsuffix":"_breaseTabItemTab","selector":"&.tabItem.active","attribute":"border-style"}}],"Description":["Sets the border style of the tab when it is selected. For further information, please see its type"]},{"$":{"name":"activeBorderWidth","category":"Appearance","type":"PixelValCollection","default":"4px 2px 0px 2px"},"StyleElement":[{"$":{"idsuffix":"_breaseTabItemTab","selector":"&.tabItem.active","attribute":"border-width"}}],"Description":["Sets the border width of the tab when it is selected. For further information, please see its type"]},{"$":{"name":"activeCornerRadius","category":"Appearance","type":"PixelValCollection","default":"0px"},"StyleElement":[{"$":{"idsuffix":"_breaseTabItemTab","selector":"&.tabItem.active","attribute":"@include border-radius($value)"}}],"Description":["Sets the radius of rounded corners of the tab when selected. For further information, please see its type"]},{"$":{"name":"activeBorderColor","category":"Appearance","type":"ColorCollection","default":"#FD7B01 #5B7C70 #5B7C70 #5B7C70"},"StyleElement":[{"$":{"idsuffix":"_breaseTabItemTab","selector":"&.tabItem.active","attribute":"border-color"}}],"Description":["Sets the border color of the tab when it is selected"]},{"$":{"name":"activeBackColor","category":"Appearance","type":"Color","default":"#FFFFFF"},"StyleElement":[{"$":{"idsuffix":"_breaseTabItemTab","selector":"&.tabItem.active","attribute":"background-color"}}],"Description":["Sets the background color of the tab when selected"]},{"$":{"name":"activeBackGroundGradient","category":"Appearance","type":"Gradient","default":""},"StyleElement":[{"$":{"idsuffix":"_breaseTabItemTab","selector":"&.tabItem.active","attribute":"@include backGroundGradient('$value')"}}],"Description":["Sets the background color of the selected tab as gradients. For further information, please see CSS Gradients"]},{"$":{"name":"activeTextColor","category":"Appearance","type":"Color","default":"#000000"},"StyleElement":[{"$":{"idsuffix":"_breaseTabItemTab","selector":"&.tabItem.active span","attribute":"color"}}],"Description":["Sets the text color of the tab when selected"]},{"$":{"name":"textAlign","category":"Appearance","type":"brease.enum.TextAlign","default":"center"},"StyleElement":[{"$":{"idsuffix":"_breaseTabItemTab","selector":"&.tabItem","attribute":"@include text-alignment($value)"}}],"Description":["Sets the text alignment of the tab"]},{"$":{"name":"opacity","category":"Appearance","type":"Opacity","default":"1"},"StyleElement":[{"$":{"idsuffix":"_breaseTabItemTab","selector":"&.tabItem","attribute":"opacity"}}],"Description":["Sets the opacity of the tab"]},{"$":{"name":"fontSize","category":"Font","type":"PixelVal","default":"12px"},"StyleElement":[{"$":{"idsuffix":"_breaseTabItemTab","selector":"&.tabItem span","attribute":"font-size"}}],"Description":["Sets the font size of the text displayed on the tab"]},{"$":{"name":"fontName","category":"Font","type":"FontName","default":"Arial"},"StyleElement":[{"$":{"idsuffix":"_breaseTabItemTab","selector":"&.tabItem span","attribute":"font-family"}}],"Description":["Sets the font name of the text displayed on the tab"]},{"$":{"name":"bold","category":"Font","type":"Boolean","default":"true"},"StyleElement":[{"$":{"idsuffix":"_breaseTabItemTab","selector":"&.tabItem span","attribute":"@include font-weight-bold($value)"}}],"Description":["If **true**, it sets the font style of the text displayed on the tab to bold"]},{"$":{"name":"italic","category":"Font","type":"Boolean","default":"false"},"StyleElement":[{"$":{"idsuffix":"_breaseTabItemTab","selector":"&.tabItem span","attribute":"@include font-style-italic($value)"}}],"Description":["If **true**, it sets the font style of the text displayed on the tab to italic"]},{"$":{"name":"margin","category":"Layout","type":"Margin","default":"0px"},"StyleElement":[{"$":{"idsuffix":"_breaseTabItemTab","selector":"&.tabItem","attribute":"margin"}}],"Description":["Sets a space around the tab. For further information, please see its type"]},{"$":{"name":"padding","category":"Layout","type":"Padding","default":"0px 10px"},"StyleElement":[{"$":{"idsuffix":"_breaseTabItemTab","selector":"&.tabItem","attribute":"padding"}}],"Description":["Sets a space around the text displayed on the tab. For further information, please see its type"]}],"$":{}},"propertygroups":{"PropertyGroup":[{"$":{"name":"Size","type":"String","category":"Layout"},"Description":["outer height and width of widget"]},{"$":{"name":"Position","type":"String","category":"Layout"},"Description":["top and left of widget"]}]}}