{"name":"widgets.brease.DropDownBox","type":"widget","meta":{"superClass":"brease.core.BaseWidget","requires":[],"mixins":["widgets.brease.common.DragDropProperties.libs.DroppablePropertiesEvents"],"parents":["*"],"children":[],"inheritance":["widgets.brease.DropDownBox","brease.core.BaseWidget"],"visible":"true","filePath":"widgets/brease/DropDownBox/DropDownBox.js"},"methods":[{"name":"Close","originalName":"close","read":false,"description":"<p>Closes the list</p>\n","iatStudioExposed":true},{"name":"GetSelectedIndex","originalName":"getSelectedIndex","read":true,"description":"<p>Returns selectedIndex.</p>\n","iatStudioExposed":true,"result":{"name":"return","type":"Integer","description":"\n"}},{"name":"GetSelectedValue","originalName":"getSelectedValue","read":true,"description":"<p>Returns selectedValue.</p>\n","iatStudioExposed":true,"result":{"name":"return","type":"String","description":"\n"}},{"name":"Open","originalName":"open","read":false,"description":"<p>Opens the list</p>\n","iatStudioExposed":true},{"name":"setCropToParent","originalName":"setCropToParent","read":false,"description":"<p>Sets cropToParent</p>\n","iatStudioExposed":false,"parameter":[{"name":"cropToParent","type":"brease.enum.CropToParent","index":0,"description":"\n","optional":false}]},{"name":"SetDataProvider","originalName":"setDataProvider","read":false,"description":"<p>method to set the dataProvider</p>\n","iatStudioExposed":true,"parameter":[{"name":"value","type":"ItemCollection","index":0,"description":"<p>ItemCollection (=Array) of objects of type <a href=\"#!/api/brease.objects.ListEntry\" rel=\"brease.objects.ListEntry\" class=\"docClass\">brease.objects.ListEntry</a></p>\n","optional":false},{"name":"omitPrompt","type":"Boolean","index":1,"description":"<p>(deprecated)</p>\n","optional":true,"defaultValue":"false","deprecated":"true"}]},{"name":"setDisplaySettings","originalName":"setDisplaySettings","read":false,"description":"<p>Sets displaySettings</p>\n","iatStudioExposed":false,"parameter":[{"name":"displaySettings","type":"brease.enum.DropDownDisplaySettings","index":0,"description":"\n","optional":false}]},{"name":"setEditable","originalName":"setEditable","read":false,"description":"<p>Sets the state of property «editable»<br/>\nUsed for «editable» binding; method is called exclusevely by the framework</p>\n","iatStudioExposed":false,"parameter":[{"name":"editable","type":"Boolean","index":0,"description":"\n","optional":false},{"name":"metaData","type":"Object","index":1,"description":"\n","optional":false}]},{"name":"setEllipsis","originalName":"setEllipsis","read":false,"description":"<p>Sets ellipsis</p>\n","iatStudioExposed":false,"parameter":[{"name":"ellipsis","type":"Boolean","index":0,"description":"\n","optional":false}]},{"name":"SetEnable","originalName":"setEnable","read":false,"description":"<p>Sets the state of property «enable»</p>\n","iatStudioExposed":true,"parameter":[{"name":"value","type":"Boolean","index":0,"description":"\n","optional":false}]},{"name":"setFitHeight2Items","originalName":"setFitHeight2Items","read":false,"description":"<p>Sets fitHeight2Items</p>\n","iatStudioExposed":false,"parameter":[{"name":"fitHeight2Items","type":"Boolean","index":0,"description":"\n","optional":false}]},{"name":"setImageAlign","originalName":"setImageAlign","read":false,"description":"<p>Sets imageAlign</p>\n","iatStudioExposed":false,"parameter":[{"name":"imageAlign","type":"brease.enum.ImageAlign","index":0,"description":"\n","optional":false}]},{"name":"setImagePath","originalName":"setImagePath","read":false,"description":"<p>Sets imagePath</p>\n","iatStudioExposed":false,"parameter":[{"name":"imagePath","type":"DirectoryPath","index":0,"description":"\n","optional":false}]},{"name":"setItemHeight","originalName":"setItemHeight","read":false,"description":"<p>Sets itemHeight</p>\n","iatStudioExposed":false,"parameter":[{"name":"itemHeight","type":"Integer","index":0,"description":"\n","optional":false}]},{"name":"setListPosition","originalName":"setListPosition","read":false,"description":"<p>Sets listPosition</p>\n","iatStudioExposed":false,"parameter":[{"name":"listPosition","type":"brease.enum.Position","index":0,"description":"\n","optional":false}]},{"name":"setListWidth","originalName":"setListWidth","read":false,"description":"<p>Sets listWidth</p>\n","iatStudioExposed":false,"parameter":[{"name":"listWidth","type":"Integer","index":0,"description":"\n","optional":false}]},{"name":"setMaxVisibleEntries","originalName":"setMaxVisibleEntries","read":false,"description":"<p>Sets maxVisibleEntries</p>\n","iatStudioExposed":false,"parameter":[{"name":"maxVisibleEntries","type":"Integer","index":0,"description":"\n","optional":false}]},{"name":"setMultiLine","originalName":"setMultiLine","read":false,"description":"<p>Sets multiLine</p>\n","iatStudioExposed":false,"parameter":[{"name":"multiLine","type":"Boolean","index":0,"description":"\n","optional":false}]},{"name":"SetSelectedIndex","originalName":"setSelectedIndex","read":false,"description":"<p>Sets the selected entry based on an index</p>\n","iatStudioExposed":true,"parameter":[{"name":"index","type":"Integer","index":0,"description":"\n","optional":false},{"name":"omitPrompt","type":"Boolean","index":1,"description":"<p>(deprecated)</p>\n","optional":true,"defaultValue":"false","deprecated":"true"}]},{"name":"SetSelectedValue","originalName":"setSelectedValue","read":false,"description":"<p>sets the selected entry based on a value</p>\n","iatStudioExposed":true,"parameter":[{"name":"value","type":"String","index":0,"description":"\n","optional":false},{"name":"omitPrompt","type":"Boolean","index":1,"description":"<p>(deprecated)</p>\n","optional":true,"defaultValue":"false","deprecated":"true"}]},{"name":"SetStyle","originalName":"setStyle","read":false,"description":"\n","iatStudioExposed":true,"parameter":[{"name":"value","type":"StyleReference","index":0,"description":"\n","optional":false}]},{"name":"SetVisible","originalName":"setVisible","read":false,"description":"<p>Sets the state of property «visible»</p>\n","iatStudioExposed":true,"parameter":[{"name":"value","type":"Boolean","index":0,"description":"\n","optional":false}]},{"name":"setWordWrap","originalName":"setWordWrap","read":false,"description":"<p>Sets wordWrap</p>\n","iatStudioExposed":false,"parameter":[{"name":"wordWrap","type":"Boolean","index":0,"description":"\n","optional":false}]},{"name":"ShowTooltip","originalName":"showTooltip","read":false,"description":"\n","iatStudioExposed":true},{"name":"Toggle","originalName":"toggle","read":false,"description":"<p>Opens or closes the list depending on the actual status</p>\n","iatStudioExposed":true}],"events":[{"name":"Click","description":"<p>Fired when element is clicked on.</p>\n","parameter":[{"name":"origin","type":"String","index":0,"description":"<p>id of widget that triggered this event</p>\n","optional":false}]},{"name":"DisabledClick","description":"<p>Fired when disabled element is clicked on.</p>\n","parameter":[{"name":"origin","type":"String","index":0,"description":"<p>id of widget that triggered this event</p>\n","optional":false},{"name":"hasPermission","type":"Boolean","index":1,"description":"<p>defines if the state is caused due to missing</p>\n","optional":false},{"name":"horizontalPos","type":"String","index":2,"description":"<p>horizontal position of click in pixel i.e '10px'</p>\n","optional":false},{"name":"verticalPos","type":"String","index":3,"description":"<p>vertical position of click in pixel i.e '10px'\nroles of the current user</p>\n","optional":false}]},{"name":"EnableChanged","description":"<p>Fired when operability of the widget changes.</p>\n","parameter":[{"name":"value","type":"Boolean","index":0,"description":"<p>operability</p>\n\n\n\n","optional":false}]},{"name":"OnDragEnter","description":"<p>Fired when element has onDragEnter.</p>\n","parameter":[{"name":"contentId","type":"String","index":0,"description":"<p>content id of the widget that has been entering the droppable widget</p>\n","optional":false},{"name":"widgetId","type":"String","index":1,"description":"<p>id of the widget that has been entering the droppable widget</p>\n","optional":false}]},{"name":"OnDragLeave","description":"<p>Fired when element has OnDragLeave.</p>\n","parameter":[{"name":"contentId","type":"String","index":0,"description":"<p>content id of the widget that has been leaving the droppable widget</p>\n","optional":false},{"name":"widgetId","type":"String","index":1,"description":"<p>id of the widget that has been leaving the droppable widget</p>\n","optional":false}]},{"name":"OnDrop","description":"<p>Fired when element has OnDrop.</p>\n","parameter":[{"name":"contentId","type":"String","index":0,"description":"<p>content id of the widget that has been dropped on the droppable widget</p>\n","optional":false},{"name":"widgetId","type":"String","index":1,"description":"<p>id of the widget that has been dropped on the droppable widget</p>\n","optional":false}]},{"name":"SelectedIndexChanged","description":"\n","parameter":[{"name":"selectedIndex","type":"Integer","index":0,"description":"\n","optional":false},{"name":"selectedValue","type":"String","index":1,"description":"<p>Fired when selectedIndex or selectedValue changes.</p>\n","optional":false}]},{"name":"ToggleStateChanged","description":"\n","parameter":[{"name":"newValue","type":"Boolean","index":0,"description":"<p>Triggered when the list is opened or closed.</p>\n","optional":false}]},{"name":"VisibleChanged","description":"<p>Fired when the visibility of the widget changes.</p>\n","parameter":[{"name":"value","type":"Boolean","index":0,"description":"<p>visibility</p>\n\n\n\n","optional":false}]}],"properties":[{"name":"cropToParent","type":"brease.enum.CropToParent","initOnly":true,"localizable":false,"editableBinding":false,"readOnly":false,"required":false,"owner":"widgets.brease.DropDownBox","projectable":true,"description":"Crop list to parent element","category":"Behavior","defaultValue":"none"},{"name":"dataProvider","type":"ItemCollection","initOnly":false,"localizable":false,"editableBinding":false,"readOnly":false,"required":true,"owner":"widgets.brease.DropDownBox","projectable":true,"description":"ItemCollection see Datatype","category":"Data"},{"name":"displaySettings","type":"brease.enum.DropDownDisplaySettings","initOnly":true,"localizable":false,"editableBinding":false,"readOnly":false,"required":false,"owner":"widgets.brease.DropDownBox","projectable":true,"description":"Defines which elements are displayed on the widget","category":"Appearance","defaultValue":"default"},{"name":"ellipsis","type":"Boolean","initOnly":true,"localizable":false,"editableBinding":false,"readOnly":false,"required":false,"owner":"widgets.brease.DropDownBox","projectable":true,"description":"If true, overflow of text is symbolized with an ellipsis. This option has no effect, if wordWrap = true.","category":"Behavior","defaultValue":"false"},{"name":"enable","type":"Boolean","initOnly":false,"localizable":false,"editableBinding":false,"readOnly":false,"required":false,"owner":"brease.core.BaseWidget","projectable":true,"description":"Initial option to enable widget.\n","category":"Behavior","defaultValue":"true"},{"name":"fitHeight2Items","type":"Boolean","initOnly":true,"localizable":false,"editableBinding":false,"readOnly":false,"required":false,"owner":"widgets.brease.DropDownBox","projectable":true,"description":"If true, the height will fit to the necessary height if the height  oft the list is bigger\nIf false, the list uses the configured height","category":"Behavior","defaultValue":"true"},{"name":"imageAlign","type":"brease.enum.ImagePosition","initOnly":true,"localizable":false,"editableBinding":false,"readOnly":false,"required":false,"owner":"widgets.brease.DropDownBox","projectable":true,"description":"Position of images relative to text","category":"Appearance","defaultValue":"left"},{"name":"imagePath","type":"DirectoryPath","initOnly":true,"localizable":false,"editableBinding":false,"readOnly":false,"required":false,"owner":"widgets.brease.DropDownBox","projectable":true,"description":"Path to the images location (e.g. 'Media/images/').\nNames of the images must be given like the index in the dataProvider (e.g. 0.png, 1.png, 2.png)","category":"Appearance","defaultValue":""},{"name":"itemHeight","type":"Integer","initOnly":true,"localizable":false,"editableBinding":false,"readOnly":false,"required":false,"owner":"widgets.brease.DropDownBox","projectable":true,"description":"Height of every item in the List","category":"Appearance","defaultValue":"40"},{"name":"listPosition","type":"brease.enum.Position","initOnly":true,"localizable":false,"editableBinding":false,"readOnly":false,"required":false,"owner":"widgets.brease.DropDownBox","projectable":true,"description":"Position of opened list relative to ToggleButton.","category":"Appearance","defaultValue":"right"},{"name":"listWidth","type":"Integer","initOnly":true,"localizable":false,"editableBinding":false,"readOnly":false,"required":false,"owner":"widgets.brease.DropDownBox","projectable":true,"description":"Width of list and its items when the widget is pressed.","category":"Appearance","defaultValue":"150"},{"name":"maxVisibleEntries","type":"UInteger","initOnly":true,"localizable":false,"editableBinding":false,"readOnly":false,"required":false,"owner":"widgets.brease.DropDownBox","projectable":true,"description":"An integer to determine max-height of the list","category":"Appearance","defaultValue":"4"},{"name":"multiLine","type":"Boolean","initOnly":true,"localizable":false,"editableBinding":false,"readOnly":false,"required":false,"owner":"widgets.brease.DropDownBox","projectable":true,"description":"If true, more than one line is possible. Text will wrap when necessary (wordWrap=true) or at line breaks (\\n).\nIf false, text will never wrap to the next line. The text continues on the same line.","category":"Behavior","defaultValue":"false"},{"name":"permissionOperate","type":"RoleCollection","initOnly":true,"localizable":false,"editableBinding":false,"readOnly":false,"required":false,"owner":"brease.core.BaseWidget","projectable":true,"description":"restricts operability to users, which have given roles\n","category":"Accessibility"},{"name":"permissionView","type":"RoleCollection","initOnly":true,"localizable":false,"editableBinding":false,"readOnly":false,"required":false,"owner":"brease.core.BaseWidget","projectable":true,"description":"restricts visibility to users, which have given roles\n","category":"Accessibility"},{"name":"selectedIndex","type":"Integer","initOnly":false,"localizable":false,"editableBinding":true,"readOnly":false,"required":false,"owner":"widgets.brease.DropDownBox","projectable":true,"description":"Index of the selected item. The first item has index=0","category":"Data","defaultValue":"0"},{"name":"selectedValue","type":"String","initOnly":false,"localizable":false,"editableBinding":true,"readOnly":false,"required":false,"owner":"widgets.brease.DropDownBox","projectable":true,"description":"Value of the selected item","category":"Data","defaultValue":""},{"name":"style","type":"StyleReference","initOnly":false,"localizable":false,"editableBinding":false,"readOnly":false,"required":false,"owner":"brease.core.BaseWidget","projectable":true,"description":"reference to a style for this widget type\n","category":"Appearance","defaultValue":"default"},{"name":"tooltip","type":"String","initOnly":true,"localizable":true,"editableBinding":false,"readOnly":false,"required":false,"owner":"brease.core.BaseWidget","projectable":true,"description":"reference to a tooltip for a widget\n","category":"Appearance","defaultValue":""},{"name":"visible","type":"Boolean","initOnly":false,"localizable":false,"editableBinding":false,"readOnly":false,"required":false,"owner":"brease.core.BaseWidget","projectable":true,"description":"change visibility\n","category":"Behavior","defaultValue":"true"},{"name":"wordWrap","type":"Boolean","initOnly":true,"localizable":false,"editableBinding":false,"readOnly":false,"required":false,"owner":"widgets.brease.DropDownBox","projectable":true,"description":"If true, text will wrap when necessary.","category":"Behavior","defaultValue":"false"},{"name":"zIndex","type":"UInteger","description":"The zIndex property specifies the z-order of a widget and its childs.<br/>\r\n        When widgets overlap, z-order determines which one covers the other. A widget with a larger zIndex generally covers a widget with a lower one.<br/>\r\n        The zIndex must be unique within a content.<br/>","initOnly":true,"required":true,"readOnly":false,"projectable":true,"owner":"brease.core.BaseWidget","hide":false,"cssProp":true},{"name":"left","type":"Integer","description":"absolute position measured from left boundary of parent container","initOnly":true,"required":false,"readOnly":false,"projectable":true,"owner":"brease.core.BaseWidget","hide":false,"cssProp":true},{"name":"top","type":"Integer","description":"absolute position measured from top boundary of parent container","initOnly":true,"required":false,"readOnly":false,"projectable":true,"owner":"brease.core.BaseWidget","hide":false,"cssProp":true},{"name":"height","type":"Size","defaultValue":"30","description":"outer height of widget","initOnly":true,"required":false,"readOnly":false,"projectable":true,"owner":"widgets.brease.DropDownBox","hide":false,"cssProp":true},{"name":"width","type":"Size","defaultValue":"100","description":"outer width of widget","initOnly":true,"required":false,"readOnly":false,"projectable":true,"owner":"widgets.brease.DropDownBox","hide":false,"cssProp":true}],"dependencies":{"files":["brease/core/BaseWidget.js","widgets/brease/DropDownBox/libs/config/Config.js","widgets/brease/DropDownBox/libs/config/InitState.js","widgets/brease/DropDownBox/libs/SubmitQueue.js","brease/decorators/LanguageDependency.js","brease/decorators/VisibilityDependency.js","widgets/brease/DropDownBox/libs/view/DropDownBoxView/DropDownBoxView.js","widgets/brease/DropDownBox/libs/reducer/DropDownBoxActions.js","widgets/brease/DropDownBox/libs/reducer/DropDownBoxReducer.js","widgets/brease/common/libs/external/redux.js","widgets/brease/common/libs/redux/utils/UtilsList.js","widgets/brease/common/libs/redux/utils/UtilsImage.js","widgets/brease/common/libs/redux/utils/UtilsText.js","widgets/brease/common/libs/BindingSync.js","widgets/brease/common/libs/wfUtils/UtilsEditableBinding.js","brease/decorators/DragAndDropCapability.js"],"widgets":["widgets/brease/DropDownBox/DropDownBox.js"]},"categories":{"Category":["Selector"]},"descriptions":{"short":"Liste von Texten","de":"Zeigt eine Liste, aus welcher der Benutzer Elemente auswählen kann","en":"Displays a list from where the user can select items"},"superproperties":{"id":{"type":"WidgetId"},"enable":{"type":"Boolean"},"permissionOperate":{"type":"RoleCollection"},"permissionView":{"type":"RoleCollection"},"style":{"type":"StyleReference"},"tooltip":{"type":"String"},"visible":{"type":"Boolean"},"zIndex":{"type":"UInteger"},"left":{"type":"Integer"},"top":{"type":"Integer"},"height":{"type":"AutoSize"},"width":{"type":"AutoSize"}},"styleproperties":{"StyleProperty":[{"$":{"name":"cornerRadius","category":"Appearance","type":"PixelValCollection","default":"0px"},"StyleElement":[{"$":{"selector":"&.DropDownBoxView","attribute":"@include border-radius($value)"}},{"$":{"selector":"& > .ItemView","attribute":"@include border-radius($value)"}},{"$":{"idsuffix":"_listBoxWrapper","selector":"& > .ListView.Container","attribute":"@include border-radius($value)"}}],"Description":["Sets the radius of both widget and the drop-down list rounded corners. For further information, please check its type"]},{"$":{"name":"opacity","category":"Appearance","type":"Opacity","default":"1"},"StyleElement":[{"$":{"attribute":"opacity"}},{"$":{"idsuffix":"_listBoxWrapper","attribute":"opacity"}}],"Description":["Opacity of the widget"]},{"$":{"name":"margin","category":"Layout","type":"Margin","default":"0px"},"StyleElement":[{"$":{"selector":"&.DropDownBoxView","attribute":"margin"}}],"Description":["Margin of the Widget"]},{"$":{"name":"shadow","category":"Appearance","type":"Shadow","default":"none"},"StyleElement":[{"$":{"selector":"&.DropDownBoxView","attribute":"@include box-shadow($value)"}}],"Description":["Shadow of the Widget"]},{"$":{"name":"backColor","category":"Appearance","type":"Color","default":"#DBDBDB"},"StyleElement":[{"$":{"selector":"& > .ItemView:not(.itemSelected):not(.itemDisabled)","attribute":"background-color"}}],"Description":["Sets the background color of the widget"]},{"$":{"name":"mouseDownBackColor","category":"Appearance","type":"Color","default":"#DBDBDB"},"StyleElement":[{"$":{"selector":"& > .ItemView.itemSelected:not(.itemDisabled)","attribute":"background-color"}}],"Description":["Sets the background color of the widget when it is clicked and the drop-down list is displayed"]},{"$":{"name":"disabledBackColor","category":"Appearance","type":"Color","default":"#F1F1F1"},"StyleElement":[{"$":{"selector":"& > .ItemView.itemDisabled","attribute":"background-color"}}],"Description":["Sets the background color when the widget is disabled"]},{"$":{"name":"backGroundGradient","category":"Appearance","type":"Gradient","default":""},"StyleElement":[{"$":{"selector":"& > .ItemView:not(.itemSelected):not(.itemDisabled)","attribute":"@include backGroundGradient('$value')"}}],"Description":["Sets the background color of the items not selected as a gradient"]},{"$":{"name":"mouseDownBackGroundGradient","category":"Appearance","type":"Gradient","default":""},"StyleElement":[{"$":{"selector":"& > .ItemView.itemSelected:not(.itemDisabled)","attribute":"@include backGroundGradient('$value')"}}],"Description":["ets the text color of the widget when it is clicked and the drop-down list is displayed"]},{"$":{"name":"disabledBackGroundGradient","category":"Appearance","type":"Gradient","default":""},"StyleElement":[{"$":{"selector":"& > .ItemView.itemDisabled","attribute":"@include backGroundGradient('$value')"}}],"Description":["Background as a gradient"]},{"$":{"name":"borderStyle","category":"Appearance","type":"BorderStyle","default":"solid"},"StyleElement":[{"$":{"selector":"& > .ItemView","attribute":"border-style"}}],"Description":["Sets the border style of the widget. For further information, please see its type"]},{"$":{"name":"borderWidth","category":"Appearance","type":"PixelValCollection","default":"2px"},"StyleElement":[{"$":{"selector":"& > .ItemView:not(.itemSelected)","attribute":"border-width"}}],"Description":["Sets the width of the border. For further information, please see its type"]},{"$":{"name":"mouseDownBorderWidth","category":"Appearance","type":"PixelValCollection","default":"2px"},"StyleElement":[{"$":{"selector":"& > .ItemView.itemSelected","attribute":"border-width"}}],"Description":["Sets the border with of the widget when it is clicked and the drop-down list is displayed"]},{"$":{"name":"borderColor","category":"Appearance","type":"ColorCollection","default":"#5B7C70"},"StyleElement":[{"$":{"selector":"& > .ItemView:not(.itemSelected):not(.itemDisabled)","attribute":"border-color"}},{"$":{"idsuffix":"_listBoxWrapper","selector":"& > .ListView.Container","attribute":"border-color"}}],"Description":["Sets the border color of both the widget and the drop-down list"]},{"$":{"name":"mouseDownBorderColor","category":"Appearance","type":"ColorCollection","default":"#FD7B01"},"StyleElement":[{"$":{"selector":"& > .ItemView.itemSelected:not(.itemDisabled)","attribute":"border-color"}}],"Description":["Sets the border color of the widget when it is clicked and the drop-down list is displayed"]},{"$":{"name":"disabledBorderColor","category":"Appearance","type":"ColorCollection","default":"#FFFFFF #C8C8C8 #C8C8C8 #FFFFFF"},"StyleElement":[{"$":{"selector":"& > .ItemView.itemDisabled","attribute":"border-color"}}],"Description":["Sets the border color when the widget is disabled"]},{"$":{"name":"textColor","category":"Appearance","type":"Color","default":"#000000"},"StyleElement":[{"$":{"selector":"& > .ItemView:not(.itemSelected):not(.itemDisabled) > .TextView:not(.textSelected)","attribute":"color"}}],"Description":["Sets the color of the text displayed by the widget"]},{"$":{"name":"mouseDownTextColor","category":"Appearance","type":"Color","default":"#000000"},"StyleElement":[{"$":{"selector":"& > .ItemView.itemSelected:not(.itemDisabled) > .TextView.textSelected","attribute":"color"}}],"Description":["Sets the text color of the widget when it is clicked and the drop-down list is displayed"]},{"$":{"name":"disabledTextColor","category":"Appearance","type":"Color","default":"#989898"},"StyleElement":[{"$":{"selector":"& > .ItemView.itemDisabled > .TextView","attribute":"color"}}],"Description":["Sets the color of the text when the widget is disabled"]},{"$":{"name":"padding","category":"Layout","type":"Padding","default":"0 10px"},"StyleElement":[{"$":{"selector":"& > .ItemView","attribute":"padding"}}],"Description":["Padding of the Widget"]},{"$":{"name":"showOpenIndicator","type":"Boolean","default":"false","category":"Appearance"},"StyleElement":[{"$":{"selector":"& > .ItemView > .ImageView.ImageIndicator","attribute":"@include display($value, 'flex')"}}],"Description":["If **true** the indicator image is displayed"]},{"$":{"name":"openIndicatorColor","category":"Appearance","type":"Color","default":"#000000"},"StyleElement":[{"$":{"selector":"& > .ItemView:not(.itemSelected):not(.itemDisabled) > .ImageView.ImageIndicator svg","attribute":"fill"}}],"Description":["Color of the image to open the list"]},{"$":{"name":"mouseDownOpenIndicatorColor","category":"Appearance","type":"Color","default":"#000000"},"StyleElement":[{"$":{"selector":"& > .ItemView.itemSelected:not(.itemDisabled) > .ImageView.ImageIndicator svg","attribute":"fill"}}],"Description":["Color of the image to open the list during mouseDown"]},{"$":{"name":"disabledOpenIndicatorColor","category":"Appearance","type":"Color","default":"#989898"},"StyleElement":[{"$":{"selector":"& > .ItemView.itemDisabled > .ImageView.ImageIndicator svg","attribute":"fill"}}],"Description":["Color of the image to open the list when the widget is disabled"]},{"$":{"name":"listPadding","category":"Layout","type":"Padding","default":"0 15px"},"StyleElement":[{"$":{"idsuffix":"_listBoxWrapper","selector":"& > .ListView.Container > .ListView.List > .ItemView","attribute":"padding"}}],"Description":["Padding of the list"]},{"$":{"name":"listBackColor","category":"Appearance","type":"Color","default":"#FFFFFF"},"StyleElement":[{"$":{"idsuffix":"_listBoxWrapper","selector":"& > .ListView.Container > .ListView.List > .ItemView:not(.itemSelected)","attribute":"background-color"}}],"Description":["Sets the background color of the drop-down list"]},{"$":{"name":"listBackGroundGradient","category":"Appearance","type":"Gradient","default":""},"StyleElement":[{"$":{"idsuffix":"_listBoxWrapper","selector":"& > .ListView.Container > .ListView.List > .ItemView:not(.itemSelected)","attribute":"@include backGroundGradient('$value')"}}],"Description":["Background as a gradient"]},{"$":{"name":"activeBackColor","category":"Appearance","type":"Color","default":"#ff8800"},"StyleElement":[{"$":{"idsuffix":"_listBoxWrapper","selector":"& > .ListView.Container > .ListView.List > .ItemView.itemSelected","attribute":"background-color"}}],"Description":["Sets the background color of the selected item"]},{"$":{"name":"activeBackGroundGradient","category":"Appearance","type":"Gradient","default":""},"StyleElement":[{"$":{"idsuffix":"_listBoxWrapper","selector":"& > .ListView.Container > .ListView.List > .ItemView.itemSelected","attribute":"@include backGroundGradient('$value')"}}],"Description":["Sets the background color of the selected item as a gradient"]},{"$":{"name":"listSeparatorColor","category":"Appearance","type":"Color","default":"#000"},"StyleElement":[{"$":{"idsuffix":"_listBoxWrapper","selector":"& > .ListView.Container > .ListView.List > .ItemView","attribute":"border-bottom-color"}}],"Description":["Sets the color of the list separator"]},{"$":{"name":"listBorderWidth","category":"Appearance","type":"PixelValCollection","default":"2px"},"StyleElement":[{"$":{"idsuffix":"_listBoxWrapper","selector":"& > .ListView.Container","attribute":"border-width"}}],"Description":["Sets the width of the border around the drop-down list. For further information, please check its type"]},{"$":{"name":"listTextColor","category":"Appearance","type":"Color","default":"#000000"},"StyleElement":[{"$":{"idsuffix":"_listBoxWrapper","selector":"& > .ListView.Container > .ListView.List > .ItemView > .TextView:not(.textSelected)","attribute":"color"}}],"Description":["Sets the color of the text of the drop-down list"]},{"$":{"name":"activeTextColor","category":"Appearance","type":"Color","default":"#ffffff"},"StyleElement":[{"$":{"idsuffix":"_listBoxWrapper","selector":"& > .ListView.Container > .ListView.List > .ItemView > .TextView.textSelected","attribute":"color"}}],"Description":["Sets the text color of the selected item"]},{"$":{"name":"textAlign","category":"Appearance","type":"brease.enum.TextAlign","default":"center"},"StyleElement":[{"$":{"selector":"& .TextView","attribute":"@include text-alignment($value)"}},{"$":{"idsuffix":"_listBoxWrapper","selector":"& .TextView","attribute":"@include text-alignment($value)"}}],"Description":["Alignment of the text"]},{"$":{"name":"fontSize","category":"Font","type":"PixelVal","default":"12px"},"StyleElement":[{"$":{"selector":"& .TextView","attribute":"font-size"}},{"$":{"idsuffix":"_listBoxWrapper","selector":"& .TextView","attribute":"font-size"}}],"Description":["Fontsize of the text in pixel"]},{"$":{"name":"fontName","category":"Font","type":"FontName","default":"Arial"},"StyleElement":[{"$":{"selector":"& .TextView","attribute":"font-family"}},{"$":{"idsuffix":"_listBoxWrapper","selector":"& .TextView","attribute":"font-family"}}],"Description":["Fontname of the text"]},{"$":{"name":"bold","category":"Font","type":"Boolean","default":"true"},"StyleElement":[{"$":{"selector":"& .TextView","attribute":"@include font-weight-bold($value)"}},{"$":{"idsuffix":"_listBoxWrapper","selector":"& .TextView","attribute":"@include font-weight-bold($value)"}}],"Description":["If **true** font style is bold"]},{"$":{"name":"italic","category":"Font","type":"Boolean","default":"false"},"StyleElement":[{"$":{"selector":"& .TextView","attribute":"@include font-style-italic($value)"}},{"$":{"idsuffix":"_listBoxWrapper","selector":"& .TextView","attribute":"@include font-style-italic($value)"}}],"Description":["If **true** font style is italic"]}],"$":{}},"propertygroups":{"PropertyGroup":[{"$":{"name":"Size","type":"String","category":"Layout"},"Description":["outer height and width of widget"]},{"$":{"name":"Position","type":"String","category":"Layout"},"Description":["top and left of widget"]}]}}