{"name":"widgets.brease.TabControl","type":"widget","meta":{"superClass":"brease.core.ContainerWidget","requires":[],"mixins":["widgets.brease.common.DragDropProperties.libs.DroppablePropertiesEvents"],"parents":["*"],"children":["widgets.brease.TabItem"],"inheritance":["widgets.brease.TabControl","brease.core.ContainerWidget","brease.core.BaseWidget"],"license":"licensed","isContainer":"true","filePath":"widgets/brease/TabControl/TabControl.js"},"methods":[{"name":"GetSelectedIndex","originalName":"getSelectedIndex","read":true,"description":"<p>Returns selectedIndex.</p>\n","iatStudioExposed":true,"result":{"name":"return","type":"Integer","description":"\n"}},{"name":"setEditable","originalName":"setEditable","read":false,"description":"<p>Sets the state of property «editable»<br/>\nUsed for «editable» binding; method is called exclusevely by the framework</p>\n","iatStudioExposed":false,"parameter":[{"name":"editable","type":"Boolean","index":0,"description":"\n","optional":false},{"name":"metaData","type":"Object","index":1,"description":"\n","optional":false}]},{"name":"SetEnable","originalName":"setEnable","read":false,"description":"<p>Sets the state of property «enable»</p>\n","iatStudioExposed":true,"parameter":[{"name":"value","type":"Boolean","index":0,"description":"\n","optional":false}]},{"name":"SetSelectedIndex","originalName":"setSelectedIndex","read":false,"description":"<p>Sets SelectedIndex</p>\n","iatStudioExposed":true,"parameter":[{"name":"value","type":"Integer","index":0,"description":"\n","optional":false}]},{"name":"SetStyle","originalName":"setStyle","read":false,"description":"\n","iatStudioExposed":true,"parameter":[{"name":"value","type":"StyleReference","index":0,"description":"\n","optional":false}]},{"name":"setTabPosition","originalName":"setTabPosition","read":false,"description":"<p>Sets tabPosition</p>\n","iatStudioExposed":false,"parameter":[{"name":"tabPosition","type":"brease.enum.TabPosition","index":0,"description":"\n","optional":false}]},{"name":"SetVisible","originalName":"setVisible","read":false,"description":"<p>Sets the state of property «visible»</p>\n","iatStudioExposed":true,"parameter":[{"name":"value","type":"Boolean","index":0,"description":"\n","optional":false}]},{"name":"ShowTooltip","originalName":"showTooltip","read":false,"description":"\n","iatStudioExposed":true}],"events":[{"name":"Click","description":"<p>Fired when element is clicked on.</p>\n","parameter":[{"name":"origin","type":"String","index":0,"description":"<p>id of widget that triggered this event</p>\n\n\n\n","optional":false},{"name":"horizontalPos","type":"String","index":1,"description":"<p>horizontal position of click in pixel i.e '10px'</p>\n\n\n\n","optional":false},{"name":"verticalPos","type":"String","index":2,"description":"<p>vertical position of click in pixel i.e '10px'</p>\n\n\n\n","optional":false}]},{"name":"DisabledClick","description":"<p>Fired when disabled element is clicked on.</p>\n","parameter":[{"name":"origin","type":"String","index":0,"description":"<p>id of widget that triggered this event</p>\n","optional":false},{"name":"hasPermission","type":"Boolean","index":1,"description":"<p>defines if the state is caused due to missing</p>\n","optional":false},{"name":"horizontalPos","type":"String","index":2,"description":"<p>horizontal position of click in pixel i.e '10px'</p>\n","optional":false},{"name":"verticalPos","type":"String","index":3,"description":"<p>vertical position of click in pixel i.e '10px'\nroles of the current user</p>\n","optional":false}]},{"name":"EnableChanged","description":"<p>Fired when operability of the widget changes.</p>\n","parameter":[{"name":"value","type":"Boolean","index":0,"description":"<p>operability</p>\n\n\n\n","optional":false}]},{"name":"OnDragEnter","description":"<p>Fired when element has onDragEnter.</p>\n","parameter":[{"name":"contentId","type":"String","index":0,"description":"<p>content id of the widget that has been entering the droppable widget</p>\n","optional":false},{"name":"widgetId","type":"String","index":1,"description":"<p>id of the widget that has been entering the droppable widget</p>\n","optional":false}]},{"name":"OnDragLeave","description":"<p>Fired when element has OnDragLeave.</p>\n","parameter":[{"name":"contentId","type":"String","index":0,"description":"<p>content id of the widget that has been leaving the droppable widget</p>\n","optional":false},{"name":"widgetId","type":"String","index":1,"description":"<p>id of the widget that has been leaving the droppable widget</p>\n","optional":false}]},{"name":"OnDrop","description":"<p>Fired when element has OnDrop.</p>\n","parameter":[{"name":"contentId","type":"String","index":0,"description":"<p>content id of the widget that has been dropped on the droppable widget</p>\n","optional":false},{"name":"widgetId","type":"String","index":1,"description":"<p>id of the widget that has been dropped on the droppable widget</p>\n","optional":false}]},{"name":"SelectedIndexChanged","description":"\n","parameter":[{"name":"value","type":"Integer","index":0,"description":"<p>selected index\nFired when index changes.</p>\n","optional":false}]},{"name":"VisibleChanged","description":"<p>Fired when the visibility of the widget changes.</p>\n","parameter":[{"name":"value","type":"Boolean","index":0,"description":"<p>visibility</p>\n\n\n\n","optional":false}]}],"properties":[{"name":"enable","type":"Boolean","initOnly":false,"localizable":false,"editableBinding":false,"readOnly":false,"required":false,"owner":"brease.core.BaseWidget","projectable":true,"description":"Initial option to enable widget.\n","category":"Behavior","defaultValue":"true"},{"name":"permissionOperate","type":"RoleCollection","initOnly":true,"localizable":false,"editableBinding":false,"readOnly":false,"required":false,"owner":"brease.core.BaseWidget","projectable":true,"description":"restricts operability to users, which have given roles\n","category":"Accessibility"},{"name":"permissionView","type":"RoleCollection","initOnly":true,"localizable":false,"editableBinding":false,"readOnly":false,"required":false,"owner":"brease.core.BaseWidget","projectable":true,"description":"restricts visibility to users, which have given roles\n","category":"Accessibility"},{"name":"selectedIndex","type":"Integer","initOnly":false,"localizable":false,"editableBinding":false,"readOnly":false,"required":false,"owner":"widgets.brease.TabControl","projectable":true,"description":"Index of the selected item\n","category":"Data","defaultValue":"0"},{"name":"style","type":"StyleReference","initOnly":false,"localizable":false,"editableBinding":false,"readOnly":false,"required":false,"owner":"brease.core.BaseWidget","projectable":true,"description":"reference to a style for this widget type\n","category":"Appearance","defaultValue":"default"},{"name":"tabPosition","type":"brease.enum.TabPosition","initOnly":true,"localizable":false,"editableBinding":false,"readOnly":false,"required":false,"owner":"widgets.brease.TabControl","projectable":true,"description":"Defines where the Tab-Buttons should be placed in relation to the Container.\n","category":"Appearance","defaultValue":"top"},{"name":"tooltip","type":"String","initOnly":true,"localizable":true,"editableBinding":false,"readOnly":false,"required":false,"owner":"brease.core.BaseWidget","projectable":true,"description":"reference to a tooltip for a widget\n","category":"Appearance","defaultValue":""},{"name":"visible","type":"Boolean","initOnly":false,"localizable":false,"editableBinding":false,"readOnly":false,"required":false,"owner":"brease.core.BaseWidget","projectable":true,"description":"change visibility\n","category":"Behavior","defaultValue":"true"},{"name":"zIndex","type":"UInteger","description":"The zIndex property specifies the z-order of a widget and its childs.<br/>\r\n        When widgets overlap, z-order determines which one covers the other. A widget with a larger zIndex generally covers a widget with a lower one.<br/>\r\n        The zIndex must be unique within a content.<br/>","initOnly":true,"required":true,"readOnly":false,"projectable":true,"owner":"brease.core.BaseWidget","hide":false,"cssProp":true},{"name":"left","type":"Integer","description":"absolute position measured from left boundary of parent container","initOnly":true,"required":false,"readOnly":false,"projectable":true,"owner":"brease.core.BaseWidget","hide":false,"cssProp":true},{"name":"top","type":"Integer","description":"absolute position measured from top boundary of parent container","initOnly":true,"required":false,"readOnly":false,"projectable":true,"owner":"brease.core.BaseWidget","hide":false,"cssProp":true},{"name":"height","type":"Size","defaultValue":"150","description":"outer height of widget","initOnly":true,"required":false,"readOnly":false,"projectable":true,"owner":"widgets.brease.TabControl","hide":false,"cssProp":true},{"name":"width","type":"Size","defaultValue":"250","description":"outer width of widget","initOnly":true,"required":false,"readOnly":false,"projectable":true,"owner":"widgets.brease.TabControl","hide":false,"cssProp":true}],"dependencies":{"files":["brease/core/ContainerWidget.js","brease/events/BreaseEvent.js","brease/enum/Enum.js","brease/core/Utils.js","brease/core/ClassUtils.js","brease/controller/libs/LogCode.js","brease/decorators/DragAndDropCapability.js"],"widgets":["widgets/brease/TabControl/TabControl.js"]},"categories":{"Category":["Container"]},"descriptions":{"short":"Kontrolliert eine Menge an TabItems","de":"Container, welcher TabItems verwaltet und steuert","en":"Container which controls TabItem Widgets"},"superproperties":{"id":{"type":"WidgetId"},"enable":{"type":"Boolean"},"permissionOperate":{"type":"RoleCollection"},"permissionView":{"type":"RoleCollection"},"style":{"type":"StyleReference"},"tooltip":{"type":"String"},"visible":{"type":"Boolean"},"zIndex":{"type":"UInteger"},"left":{"type":"Integer"},"top":{"type":"Integer"},"height":{"type":"AutoSize"},"width":{"type":"AutoSize"}},"styleproperties":{"StyleProperty":[{"$":{"name":"headerBackColor","category":"Appearance","type":"Color","default":"transparent"},"StyleElement":[{"$":{"selector":"> .tabbar","attribute":"background-color"}}],"Description":["Sets the background color of the header where the tabs are displayed"]},{"$":{"name":"backColor","category":"Appearance","type":"Color","default":"transparent"},"StyleElement":[{"$":{"selector":"> .tabItemContainer","attribute":"background-color"}}],"Description":["Sets the background color of the area below the header"]},{"$":{"name":"borderStyle","category":"Appearance","type":"BorderStyle","default":"none"},"StyleElement":[{"$":{"selector":"> .tabItemContainer","attribute":"border-style"}}],"Description":["Sets the border style of the area below the header"]},{"$":{"name":"borderWidth","category":"Appearance","type":"PixelValCollection","default":"2px"},"StyleElement":[{"$":{"selector":"> .tabItemContainer","attribute":"border-width"}}],"Description":["Sets the border width of the area below the header"]},{"$":{"name":"cornerRadius","category":"Appearance","type":"PixelValCollection","default":"0px"},"StyleElement":[{"$":{"selector":"> .tabItemContainer","attribute":"@include border-radius($value)"}}],"Description":["Sets the radius of the rounder corners of the area below the header"]},{"$":{"name":"borderColor","category":"Appearance","type":"ColorCollection","default":"#5B7C70"},"StyleElement":[{"$":{"selector":"> .tabItemContainer","attribute":"border-color"}}],"Description":["Sets the border color of the area below the header"]},{"$":{"name":"padding","category":"Layout","type":"Padding","default":"0px"},"StyleElement":[{"$":{"selector":"> .tabItemContainer","attribute":"padding"}}],"Description":["Padding of the Widget"]},{"$":{"name":"margin","category":"Layout","type":"Margin","default":"0px"},"StyleElement":[{"$":{"attribute":"margin"}}],"Description":["Margin of the Widget"]}],"$":{}},"propertygroups":{"PropertyGroup":[{"$":{"name":"Size","type":"String","category":"Layout"},"Description":["outer height and width of widget"]},{"$":{"name":"Position","type":"String","category":"Layout"},"Description":["top and left of widget"]}]}}