{"name":"widgets.brease.VideoPlayer","type":"widget","meta":{"superClass":"brease.core.BaseWidget","requires":[],"mixins":["widgets.brease.common.DragDropProperties.libs.DroppablePropertiesEvents"],"parents":["*"],"children":[],"inheritance":["widgets.brease.VideoPlayer","brease.core.BaseWidget"],"license":"licensed","filePath":"widgets/brease/VideoPlayer/VideoPlayer.js"},"methods":[{"name":"setAutoplay","originalName":"setAutoplay","read":false,"description":"<p>Sets autoplay</p>\n","iatStudioExposed":false,"parameter":[{"name":"autoplay","type":"Boolean","index":0,"description":"\n","optional":false}]},{"name":"setControls","originalName":"setControls","read":false,"description":"<p>Sets controls</p>\n","iatStudioExposed":false,"parameter":[{"name":"controls","type":"Boolean","index":0,"description":"\n","optional":false}]},{"name":"setEditable","originalName":"setEditable","read":false,"description":"<p>Sets the state of property «editable»<br/>\nUsed for «editable» binding; method is called exclusevely by the framework</p>\n","iatStudioExposed":false,"parameter":[{"name":"editable","type":"Boolean","index":0,"description":"\n","optional":false},{"name":"metaData","type":"Object","index":1,"description":"\n","optional":false}]},{"name":"SetEnable","originalName":"setEnable","read":false,"description":"<p>Sets the state of property «enable»</p>\n","iatStudioExposed":true,"parameter":[{"name":"value","type":"Boolean","index":0,"description":"\n","optional":false}]},{"name":"setLoop","originalName":"setLoop","read":false,"description":"<p>Sets loop</p>\n","iatStudioExposed":false,"parameter":[{"name":"loop","type":"Boolean","index":0,"description":"\n","optional":false}]},{"name":"setMuted","originalName":"setMuted","read":false,"description":"<p>Sets muted</p>\n","iatStudioExposed":false,"parameter":[{"name":"muted","type":"Boolean","index":0,"description":"\n","optional":false}]},{"name":"setPoster","originalName":"setPoster","read":false,"description":"<p>Sets poster</p>\n","iatStudioExposed":false,"parameter":[{"name":"poster","type":"String","index":0,"description":"\n","optional":false}]},{"name":"setPreload","originalName":"setPreload","read":false,"description":"<p>Sets preload</p>\n","iatStudioExposed":false,"parameter":[{"name":"preload","type":"brease.enum.VideoPlayerPreload","index":0,"description":"\n","optional":false}]},{"name":"SetSrc","originalName":"setSrc","read":false,"description":"<p>Sets source location of the video file, e.g. \"/Media/help_video.mp4\"</p>\n","iatStudioExposed":true,"parameter":[{"name":"value","type":"String","index":0,"description":"<p>Path of the video file, e.g. \"/Media/help_video.mp4\"</p>\n","optional":false,"localizable":"true"}]},{"name":"SetStyle","originalName":"setStyle","read":false,"description":"\n","iatStudioExposed":true,"parameter":[{"name":"value","type":"StyleReference","index":0,"description":"\n","optional":false}]},{"name":"SetVisible","originalName":"setVisible","read":false,"description":"<p>Sets the state of property «visible»</p>\n","iatStudioExposed":true,"parameter":[{"name":"value","type":"Boolean","index":0,"description":"\n","optional":false}]},{"name":"ShowTooltip","originalName":"showTooltip","read":false,"description":"\n","iatStudioExposed":true},{"name":"StartVideo","originalName":"startVideo","read":false,"description":"<p>Starts the video.</p>\n","iatStudioExposed":true},{"name":"StopVideo","originalName":"stopVideo","read":false,"description":"<p>Stops the video.</p>\n","iatStudioExposed":true}],"events":[{"name":"Click","description":"<p>Fired when element is clicked on.</p>\n","parameter":[{"name":"origin","type":"String","index":0,"description":"<p>id of widget that triggered this event</p>\n\n\n\n","optional":false},{"name":"horizontalPos","type":"String","index":1,"description":"<p>horizontal position of click in pixel i.e '10px'</p>\n\n\n\n","optional":false},{"name":"verticalPos","type":"String","index":2,"description":"<p>vertical position of click in pixel i.e '10px'</p>\n\n\n\n","optional":false}]},{"name":"DisabledClick","description":"<p>Fired when disabled element is clicked on.</p>\n","parameter":[{"name":"origin","type":"String","index":0,"description":"<p>id of widget that triggered this event</p>\n","optional":false},{"name":"hasPermission","type":"Boolean","index":1,"description":"<p>defines if the state is caused due to missing</p>\n","optional":false},{"name":"horizontalPos","type":"String","index":2,"description":"<p>horizontal position of click in pixel i.e '10px'</p>\n","optional":false},{"name":"verticalPos","type":"String","index":3,"description":"<p>vertical position of click in pixel i.e '10px'\nroles of the current user</p>\n","optional":false}]},{"name":"EnableChanged","description":"<p>Fired when operability of the widget changes.</p>\n","parameter":[{"name":"value","type":"Boolean","index":0,"description":"<p>operability</p>\n\n\n\n","optional":false}]},{"name":"OnDragEnter","description":"<p>Fired when element has onDragEnter.</p>\n","parameter":[{"name":"contentId","type":"String","index":0,"description":"<p>content id of the widget that has been entering the droppable widget</p>\n","optional":false},{"name":"widgetId","type":"String","index":1,"description":"<p>id of the widget that has been entering the droppable widget</p>\n","optional":false}]},{"name":"OnDragLeave","description":"<p>Fired when element has OnDragLeave.</p>\n","parameter":[{"name":"contentId","type":"String","index":0,"description":"<p>content id of the widget that has been leaving the droppable widget</p>\n","optional":false},{"name":"widgetId","type":"String","index":1,"description":"<p>id of the widget that has been leaving the droppable widget</p>\n","optional":false}]},{"name":"OnDrop","description":"<p>Fired when element has OnDrop.</p>\n","parameter":[{"name":"contentId","type":"String","index":0,"description":"<p>content id of the widget that has been dropped on the droppable widget</p>\n","optional":false},{"name":"widgetId","type":"String","index":1,"description":"<p>id of the widget that has been dropped on the droppable widget</p>\n","optional":false}]},{"name":"VideoEnded","description":"<p>Fired when the video has ended.</p>\n"},{"name":"VideoPaused","description":"<p>Fired when the video has been paused.</p>\n"},{"name":"VideoStarted","description":"<p>Fired when the video has been started.</p>\n"},{"name":"VisibleChanged","description":"<p>Fired when the visibility of the widget changes.</p>\n","parameter":[{"name":"value","type":"Boolean","index":0,"description":"<p>visibility</p>\n\n\n\n","optional":false}]}],"properties":[{"name":"autoplay","type":"Boolean","initOnly":true,"localizable":false,"editableBinding":false,"readOnly":false,"required":false,"owner":"widgets.brease.VideoPlayer","projectable":true,"description":"Enables the autoplay functionality, that the video starts as soon as the widget is ready.\n","category":"Behavior","defaultValue":"false"},{"name":"controls","type":"Boolean","initOnly":true,"localizable":false,"editableBinding":false,"readOnly":false,"required":false,"owner":"widgets.brease.VideoPlayer","projectable":true,"description":"If this attribute is true, VideoPlayer will offer controls to allow the user to control video playback, including volume, seeking, and pause/resume playback.\n","category":"Behavior","defaultValue":"true"},{"name":"enable","type":"Boolean","initOnly":false,"localizable":false,"editableBinding":false,"readOnly":false,"required":false,"owner":"brease.core.BaseWidget","projectable":true,"description":"Initial option to enable widget.\n","category":"Behavior","defaultValue":"true"},{"name":"loop","type":"Boolean","initOnly":true,"localizable":false,"editableBinding":false,"readOnly":false,"required":false,"owner":"widgets.brease.VideoPlayer","projectable":true,"description":"If this attribute is true, the videoplayer will, upon reaching the end of the video, automatically seek back to the start.\n","category":"Behavior","defaultValue":"false"},{"name":"muted","type":"Boolean","initOnly":true,"localizable":false,"editableBinding":false,"readOnly":false,"required":false,"owner":"widgets.brease.VideoPlayer","projectable":true,"description":"Mute the audio of the video.\n","category":"Behavior","defaultValue":"false"},{"name":"permissionOperate","type":"RoleCollection","initOnly":true,"localizable":false,"editableBinding":false,"readOnly":false,"required":false,"owner":"brease.core.BaseWidget","projectable":true,"description":"restricts operability to users, which have given roles\n","category":"Accessibility"},{"name":"permissionView","type":"RoleCollection","initOnly":true,"localizable":false,"editableBinding":false,"readOnly":false,"required":false,"owner":"brease.core.BaseWidget","projectable":true,"description":"restricts visibility to users, which have given roles\n","category":"Accessibility"},{"name":"poster","type":"ImagePath","initOnly":true,"localizable":false,"editableBinding":false,"readOnly":false,"required":false,"owner":"widgets.brease.VideoPlayer","projectable":true,"description":"Specifies an image to be shown while the video is downloading, or until the user hits the play button\n","category":"Appearance","defaultValue":""},{"name":"preload","type":"brease.enum.VideoPlayerPreload","initOnly":true,"localizable":false,"editableBinding":false,"readOnly":false,"required":false,"owner":"widgets.brease.VideoPlayer","projectable":true,"description":"Defines if and how the video contents should start loading as the page loads.\nPossible values: 'none', 'auto', 'metadata'\n","category":"Behavior","defaultValue":"none"},{"name":"src","type":"VideoPath","initOnly":false,"localizable":true,"editableBinding":false,"readOnly":false,"required":false,"owner":"widgets.brease.VideoPlayer","projectable":true,"description":"Path to a video file (e.g. Media/Video.mp4).\nThere are generally 3 supported video formats: MP4, WebM and Ogg.\nNotice: iOS devices can only play MP4 files with H.264 video encoding.\nA text key can be used.\n","category":"Data","defaultValue":""},{"name":"style","type":"StyleReference","initOnly":false,"localizable":false,"editableBinding":false,"readOnly":false,"required":false,"owner":"brease.core.BaseWidget","projectable":true,"description":"reference to a style for this widget type\n","category":"Appearance","defaultValue":"default"},{"name":"tooltip","type":"String","initOnly":true,"localizable":true,"editableBinding":false,"readOnly":false,"required":false,"owner":"brease.core.BaseWidget","projectable":true,"description":"reference to a tooltip for a widget\n","category":"Appearance","defaultValue":""},{"name":"visible","type":"Boolean","initOnly":false,"localizable":false,"editableBinding":false,"readOnly":false,"required":false,"owner":"brease.core.BaseWidget","projectable":true,"description":"change visibility\n","category":"Behavior","defaultValue":"true"},{"name":"zIndex","type":"UInteger","description":"The zIndex property specifies the z-order of a widget and its childs.<br/>\r\n        When widgets overlap, z-order determines which one covers the other. A widget with a larger zIndex generally covers a widget with a lower one.<br/>\r\n        The zIndex must be unique within a content.<br/>","initOnly":true,"required":true,"readOnly":false,"projectable":true,"owner":"brease.core.BaseWidget","hide":false,"cssProp":true},{"name":"left","type":"Integer","description":"absolute position measured from left boundary of parent container","initOnly":true,"required":false,"readOnly":false,"projectable":true,"owner":"brease.core.BaseWidget","hide":false,"cssProp":true},{"name":"top","type":"Integer","description":"absolute position measured from top boundary of parent container","initOnly":true,"required":false,"readOnly":false,"projectable":true,"owner":"brease.core.BaseWidget","hide":false,"cssProp":true},{"name":"height","type":"Size","defaultValue":"480","description":"outer height of widget","initOnly":true,"required":false,"readOnly":false,"projectable":true,"owner":"widgets.brease.VideoPlayer","hide":false,"cssProp":true},{"name":"width","type":"Size","defaultValue":"640","description":"outer width of widget","initOnly":true,"required":false,"readOnly":false,"projectable":true,"owner":"widgets.brease.VideoPlayer","hide":false,"cssProp":true}],"dependencies":{"files":["brease/core/BaseWidget.js","brease/core/Types.js","brease/decorators/LanguageDependency.js","brease/decorators/DragAndDropCapability.js"],"widgets":["widgets/brease/VideoPlayer/VideoPlayer.js"]},"categories":{"Category":["Media"],"IO":["Output"],"Appliance":["Graphic"],"Performance":["Medium","High"]},"descriptions":{"short":"Video/audio player widget","de":"Zeigt einen Film und erlaubt dem Benutzer eine Interaktion mit dem Player","en":"Plays video files, allowing user interaction with the player"},"superproperties":{"id":{"type":"WidgetId"},"enable":{"type":"Boolean"},"permissionOperate":{"type":"RoleCollection"},"permissionView":{"type":"RoleCollection"},"style":{"type":"StyleReference"},"tooltip":{"type":"String"},"visible":{"type":"Boolean"},"zIndex":{"type":"UInteger"},"left":{"type":"Integer"},"top":{"type":"Integer"},"height":{"type":"AutoSize"},"width":{"type":"AutoSize"}},"styleproperties":{"StyleProperty":[{"$":{"name":"backColor","category":"Appearance","type":"Color","default":"transparent"},"StyleElement":[{"$":{"attribute":"background-color"}}],"Description":["Sets the background color"]},{"$":{"name":"backGroundGradient","category":"Appearance","type":"Gradient","default":""},"StyleElement":[{"$":{"attribute":"@include backGroundGradient('$value')"}}],"Description":["Background as a gradient"]},{"$":{"name":"borderWidth","category":"Appearance","type":"PixelValCollection","default":"2px"},"StyleElement":[{"$":{"attribute":"border-width"}}],"Description":["Sets the width of the border"]},{"$":{"name":"borderColor","category":"Appearance","type":"ColorCollection","default":"#FFF"},"StyleElement":[{"$":{"attribute":"border-color"}}],"Description":["Sets the border color"]},{"$":{"name":"borderStyle","category":"Appearance","type":"BorderStyle","default":"none"},"StyleElement":[{"$":{"attribute":"border-style"}}],"Description":["Style of the Border of the widget"]},{"$":{"name":"cornerRadius","type":"PixelValCollection","category":"Appearance","default":"0px"},"StyleElement":[{"$":{"attribute":"@include border-radius($value)"}}],"Description":["Sets the radius of the widget rounded corners"]},{"$":{"name":"shadow","type":"Shadow","category":"Appearance","default":"none"},"StyleElement":[{"$":{"attribute":"@include box-shadow($value)"}}],"Description":["Shadow of the Widget"]},{"$":{"name":"margin","category":"Layout","type":"Margin","default":"0px"},"StyleElement":[{"$":{"attribute":"margin"}}],"Description":["Margin of the Widget"]},{"$":{"name":"opacity","category":"Appearance","type":"Opacity","default":"1"},"StyleElement":[{"$":{"attribute":"opacity"}}],"Description":["Opacity of the widget"]},{"$":{"name":"rotation","category":"Appearance","type":"Rotation","default":"0deg"},"StyleElement":[{"$":{"attribute":"@include rotate($value)"}}],"Description":["Rotation of widget."]}],"$":{}},"propertygroups":{"PropertyGroup":[{"$":{"name":"Size","type":"String","category":"Layout"},"Description":["outer height and width of widget"]},{"$":{"name":"Position","type":"String","category":"Layout"},"Description":["top and left of widget"]}]}}