{"name":"widgets.brease.OnlineChartGraph","type":"widget","meta":{"superClass":"widgets.brease.ChartYValueListWidget","requires":["widgets.brease.OnlineChartYAxis"],"mixins":[],"parents":["widgets.brease.OnlineChartYAxis"],"children":[],"inheritance":["widgets.brease.OnlineChartGraph","widgets.brease.ChartYValueListWidget","brease.core.BaseWidget"],"filePath":"widgets/brease/OnlineChartGraph/OnlineChartGraph.js"},"methods":[{"name":"setEditable","originalName":"setEditable","read":false,"description":"<p>Sets the state of property «editable»<br/>\nUsed for «editable» binding; method is called exclusevely by the framework</p>\n","iatStudioExposed":false,"parameter":[{"name":"editable","type":"Boolean","index":0,"description":"\n","optional":false},{"name":"metaData","type":"Object","index":1,"description":"\n","optional":false}]},{"name":"SetEnable","originalName":"setEnable","read":false,"description":"<p>Sets the state of property «enable»</p>\n","iatStudioExposed":true,"parameter":[{"name":"value","type":"Boolean","index":0,"description":"\n","optional":false}]},{"name":"setInterpolationType","originalName":"setInterpolationType","read":false,"description":"<p>Sets node</p>\n","iatStudioExposed":false,"parameter":[{"name":"interpolationType","type":"brease.enum.ChartInterpolationType","index":0,"description":"\n","optional":false}]},{"name":"setMaxValue","originalName":"setMaxValue","read":false,"description":"<p>Sets maxValue with the maximum value of the graph range</p>\n","iatStudioExposed":false,"parameter":[{"name":"maxValue","type":"Number","index":0,"description":"\n","optional":false}]},{"name":"setMinValue","originalName":"setMinValue","read":false,"description":"<p>Sets minValue with the minimum value of the graph range</p>\n","iatStudioExposed":false,"parameter":[{"name":"minValue","type":"Number","index":0,"description":"\n","optional":false}]},{"name":"setNode","originalName":"setNode","read":false,"description":"<p>Sets node with the current value to graph</p>\n","iatStudioExposed":false,"parameter":[{"name":"node","type":"brease.datatype.Node","index":0,"description":"\n","optional":false}]},{"name":"SetStyle","originalName":"setStyle","read":false,"description":"\n","iatStudioExposed":true,"parameter":[{"name":"value","type":"StyleReference","index":0,"description":"\n","optional":false}]},{"name":"setValue","originalName":"setValue","read":false,"description":"<p>Sets value with the current value to graph</p>\n","iatStudioExposed":false,"parameter":[{"name":"value","type":"Number","index":0,"description":"\n","optional":false}]},{"name":"SetVisible","originalName":"setVisible","read":false,"description":"<p>Sets the state of property «visible»</p>\n","iatStudioExposed":true,"parameter":[{"name":"value","type":"Boolean","index":0,"description":"\n","optional":false}]},{"name":"setXAxisRefId","originalName":"setXAxisRefId","read":false,"description":"<p>Sets xAxisRefId as id of the OnlineChartXAxis widget of the current OnlineChart</p>\n","iatStudioExposed":false,"parameter":[{"name":"xAxisRefId","type":"String","index":0,"description":"\n","optional":false}]}],"events":[{"name":"Click","description":"<p>Fired when element is clicked on.</p>\n","parameter":[{"name":"origin","type":"String","index":0,"description":"<p>id of widget that triggered this event</p>\n\n\n\n","optional":false},{"name":"horizontalPos","type":"String","index":1,"description":"<p>horizontal position of click in pixel i.e '10px'</p>\n\n\n\n","optional":false},{"name":"verticalPos","type":"String","index":2,"description":"<p>vertical position of click in pixel i.e '10px'</p>\n\n\n\n","optional":false}]},{"name":"DisabledClick","description":"<p>Fired when disabled element is clicked on.</p>\n","parameter":[{"name":"origin","type":"String","index":0,"description":"<p>id of widget that triggered this event</p>\n","optional":false},{"name":"hasPermission","type":"Boolean","index":1,"description":"<p>defines if the state is caused due to missing\nroles of the current user</p>\n","optional":false}]},{"name":"EnableChanged","description":"<p>Fired when operability of the widget changes.</p>\n","parameter":[{"name":"value","type":"Boolean","index":0,"description":"<p>operability</p>\n\n\n\n","optional":false}]},{"name":"VisibleChanged","description":"<p>Fired when the visibility of the widget changes.</p>\n","parameter":[{"name":"value","type":"Boolean","index":0,"description":"<p>visibility</p>\n\n\n\n","optional":false}]}],"properties":[{"name":"enable","type":"Boolean","initOnly":false,"localizable":false,"editableBinding":false,"readOnly":false,"required":false,"owner":"brease.core.BaseWidget","projectable":true,"description":"Initial option to enable widget.\n","category":"Behavior","defaultValue":"true"},{"name":"interpolationType","type":"brease.enum.ChartInterpolationType","initOnly":true,"localizable":false,"editableBinding":false,"readOnly":false,"required":false,"owner":"widgets.brease.OnlineChartGraph","projectable":true,"description":"Definition of interpolation type which should be applied to the graph.\n","category":"Behavior","defaultValue":"step-after"},{"name":"maxValue","type":"Number","initOnly":true,"localizable":false,"editableBinding":false,"readOnly":false,"required":false,"owner":"widgets.brease.OnlineChartGraph","projectable":true,"description":"Maximum value for the graph as simple value\n","category":"Behavior","defaultValue":"100"},{"name":"minValue","type":"Number","initOnly":true,"localizable":false,"editableBinding":false,"readOnly":false,"required":false,"owner":"widgets.brease.OnlineChartGraph","projectable":true,"description":"Minimum value for the graph\n","category":"Behavior","defaultValue":"0"},{"name":"node","type":"brease.datatype.Node","initOnly":false,"localizable":false,"editableBinding":false,"readOnly":false,"required":false,"owner":"widgets.brease.OnlineChartGraph","projectable":true,"description":"Current value to display on the graph as node\n","category":"Data","defaultValue":""},{"name":"style","type":"StyleReference","initOnly":false,"localizable":false,"editableBinding":false,"readOnly":false,"required":false,"owner":"brease.core.BaseWidget","projectable":true,"description":"reference to a style for this widget type\n","category":"Appearance","defaultValue":"default"},{"name":"value","type":"Number","initOnly":false,"localizable":false,"editableBinding":false,"readOnly":false,"required":false,"owner":"widgets.brease.OnlineChartGraph","projectable":true,"description":"Current value to display on the graph as simple value\n","nodeRefId":["node"],"category":"Data","defaultValue":"0"},{"name":"visible","type":"Boolean","initOnly":false,"localizable":false,"editableBinding":false,"readOnly":false,"required":false,"owner":"brease.core.BaseWidget","projectable":true,"description":"change visibility\n","category":"Behavior","defaultValue":"true"},{"name":"xAxisRefId","type":"WidgetReference","initOnly":true,"localizable":false,"editableBinding":false,"readOnly":false,"required":true,"owner":"widgets.brease.OnlineChartGraph","projectable":true,"description":"Name of the X-Axis the data refer to\n","category":"Data"},{"name":"zIndex","type":"UInteger","description":"The zIndex property specifies the z-order of a widget and its childs.<br/>\r\n        When widgets overlap, z-order determines which one covers the other. A widget with a larger zIndex generally covers a widget with a lower one.<br/>\r\n        The zIndex must be unique within a content.<br/>","initOnly":true,"required":true,"readOnly":false,"projectable":true,"owner":"brease.core.BaseWidget","hide":false,"cssProp":true}],"dependencies":{"files":["widgets/brease/ChartYValueListWidget/ChartYValueListWidget.js","brease/datatype/Node.js","brease/core/Utils.js","widgets/brease/ChartWidget/libs/constants.js","widgets/brease/OnlineChartYAxis/OnlineChartYAxis.js"],"widgets":["widgets/brease/OnlineChartGraph/OnlineChartGraph.js","widgets/brease/ChartYValueListWidget/ChartYValueListWidget.js","widgets/brease/OnlineChartYAxis/OnlineChartYAxis.js"]},"categories":{"Category":["Chart"]},"descriptions":{"short":"Widget for Data","de":"Widget zur Anzeige eines Graphen der Zeitserie","en":"Widget to display in a graph a time series"},"superproperties":{"id":{"type":"WidgetId"},"enable":{"type":"Boolean"},"permissionOperate":{"type":"RoleCollection"},"permissionView":{"type":"RoleCollection"},"style":{"type":"StyleReference"},"tooltip":{"type":"String"},"visible":{"type":"Boolean"},"zIndex":{"type":"UInteger"},"left":{"type":"Integer"},"top":{"type":"Integer"},"height":{"type":"AutoSize"},"width":{"type":"AutoSize"}},"styleproperties":{"StyleProperty":[{"$":{"name":"lineColor","category":"Appearance","type":"Color","default":"#FF0000"},"StyleElement":[{"$":{"idsuffix":"_breaseChartYValueList_line","selector":"&:not(.disabled).graph","attribute":"stroke"}},{"$":{"selector":"&.breaseChartYValueListWidget.editMode","attribute":"border-color"}}],"Description":["Color of the line"]},{"$":{"name":"disabledLineColor","category":"Appearance","type":"Color","default":"rgba(221, 221, 221, 1)"},"StyleElement":[{"$":{"idsuffix":"_breaseChartYValueList_line","selector":"&.disabled.graph","attribute":"stroke"}},{"$":{"selector":"&.breaseChartYValueListWidget.editMode.disabled","attribute":"border-color"}}],"Description":["Color of the line when the widget is disabled"]},{"$":{"name":"lineWidth","type":"PixelVal","category":"Appearance","default":"2px"},"StyleElement":[{"$":{"idsuffix":"_breaseChartYValueList_line","selector":"&.graph","attribute":"stroke-width"}},{"$":{"selector":"&.breaseChartYValueListWidget.editMode","attribute":"border-top-width"}}],"Description":["Width of the line"]},{"$":{"name":"fillColor","type":"Color","category":"Appearance","default":"rgba(255, 255, 255, 0)"},"StyleElement":[{"$":{"idsuffix":"_breaseChartYValueList_area","selector":"&:not(.disabled).area","attribute":"fill"}},{"$":{"selector":"&.breaseChartYValueListWidget.editMode","attribute":"background-color"}}],"Description":["Color of the area under the line"]},{"$":{"name":"disabledFillColor","type":"Color","category":"Appearance","default":"rgba(255, 255, 255, 0)"},"StyleElement":[{"$":{"idsuffix":"_breaseChartYValueList_area","selector":"&.disabled.area","attribute":"fill"}},{"$":{"selector":"&.breaseChartYValueListWidget.editMode.disabled","attribute":"background-color"}}],"Description":["Color of the area under the line when the widget is disabled"]},{"$":{"name":"intersectionPointColor","type":"Color","category":"Appearance","default":"#FFBB88","deprecated":"true","owner":"widgets.brease.OnlineChartGraph"},"StyleElement":[{"$":{"idsuffix":"_intersectionPoints","selector":"circle.marker:not(.active):not(.disabled)","attribute":"stroke"}},{"$":{"idsuffix":"_intersectionPoints","selector":"circle.marker:not(.active):not(.disabled)","attribute":"fill"}}],"Description":["Color of the intersection point between the graph and a cursor when not active and not disabled"]},{"$":{"name":"activeIntersectionPointColor","type":"Color","category":"Appearance","default":"#FF8800","deprecated":"true","owner":"widgets.brease.OnlineChartGraph"},"StyleElement":[{"$":{"idsuffix":"_intersectionPoints","selector":"circle.marker.active:not(.disabled)","attribute":"stroke"}},{"$":{"idsuffix":"_intersectionPoints","selector":"circle.marker.active:not(.disabled)","attribute":"fill"}}],"Description":["Color of the intersection point between the graph and a cursor when active and not disabled"]},{"$":{"name":"disabledIntersectionPointColor","category":"Appearance","type":"Color","default":"#EEEEEE","deprecated":"true","owner":"widgets.brease.OnlineChartGraph"},"StyleElement":[{"$":{"idsuffix":"_intersectionPoints","selector":"circle.marker.disabled","attribute":"stroke"}},{"$":{"idsuffix":"_intersectionPoints","selector":"circle.marker.disabled","attribute":"fill"}}],"Description":["Color of the intersection point between the graph and a cursor when disabled"]}],"$":{}},"propertygroups":{"PropertyGroup":[{"$":{"name":"Size","type":"String","category":"Layout"},"Description":["outer height and width of widget"]},{"$":{"name":"Position","type":"String","category":"Layout"},"Description":["top and left of widget"]}]}}