{"name":"widgets.brease.DateTimeInput","type":"widget","meta":{"superClass":"brease.core.BaseWidget","requires":["widgets.brease.DateTimePicker"],"mixins":["widgets.brease.common.DragDropProperties.libs.DroppablePropertiesEvents","widgets.brease.common.DragDropProperties.libs.DraggablePropertiesEvents"],"parents":["*"],"children":[],"inheritance":["widgets.brease.DateTimeInput","brease.core.BaseWidget"],"filePath":"widgets/brease/DateTimeInput/DateTimeInput.js"},"methods":[{"name":"GetValue","originalName":"getValue","read":true,"description":"<p>Get the value of input field as date and time</p>\n","iatStudioExposed":true,"result":{"name":"return","type":"DateTime","description":"\n"}},{"name":"setEditable","originalName":"setEditable","read":false,"description":"<p>Sets the state of property «editable»<br/>\nUsed for «editable» binding; method is called exclusevely by the framework</p>\n","iatStudioExposed":false,"parameter":[{"name":"editable","type":"Boolean","index":0,"description":"\n","optional":false},{"name":"metaData","type":"Object","index":1,"description":"\n","optional":false}]},{"name":"SetEnable","originalName":"setEnable","read":false,"description":"<p>Sets the state of property «enable»</p>\n","iatStudioExposed":true,"parameter":[{"name":"value","type":"Boolean","index":0,"description":"\n","optional":false}]},{"name":"setFormat","originalName":"setFormat","read":false,"description":"<p>Sets format</p>\n","iatStudioExposed":false,"parameter":[{"name":"format","type":"String","index":0,"description":"\n","optional":false}]},{"name":"setPickerPosition","originalName":"setPickerPosition","read":false,"description":"<p>Sets pickerPosition</p>\n","iatStudioExposed":false,"parameter":[{"name":"pickerPosition","type":"brease.enum.Position","index":0,"description":"\n","optional":false}]},{"name":"SetStyle","originalName":"setStyle","read":false,"description":"\n","iatStudioExposed":true,"parameter":[{"name":"value","type":"StyleReference","index":0,"description":"\n","optional":false}]},{"name":"setSubmitOnChange","originalName":"setSubmitOnChange","read":false,"description":"<p>Sets submitOnChange</p>\n","iatStudioExposed":false,"parameter":[{"name":"submitOnChange","type":"Boolean","index":0,"description":"\n","optional":false}]},{"name":"SetValue","originalName":"setValue","read":false,"description":"<p>Set the value of input field as a date time string</p>\n","iatStudioExposed":true,"parameter":[{"name":"value","type":"DateTime","index":0,"description":"\n","optional":false}]},{"name":"SetVisible","originalName":"setVisible","read":false,"description":"<p>Sets the state of property «visible»</p>\n","iatStudioExposed":true,"parameter":[{"name":"value","type":"Boolean","index":0,"description":"\n","optional":false}]},{"name":"ShowTooltip","originalName":"showTooltip","read":false,"description":"\n","iatStudioExposed":true}],"events":[{"name":"Click","description":"<p>Fired when element is clicked on.</p>\n","parameter":[{"name":"origin","type":"String","index":0,"description":"<p>id of widget that triggered this event</p>\n\n\n\n","optional":false},{"name":"horizontalPos","type":"String","index":1,"description":"<p>horizontal position of click in pixel i.e '10px'</p>\n\n\n\n","optional":false},{"name":"verticalPos","type":"String","index":2,"description":"<p>vertical position of click in pixel i.e '10px'</p>\n\n\n\n","optional":false}]},{"name":"DisabledClick","description":"<p>Fired when disabled element is clicked on.</p>\n","parameter":[{"name":"origin","type":"String","index":0,"description":"<p>id of widget that triggered this event</p>\n","optional":false},{"name":"hasPermission","type":"Boolean","index":1,"description":"<p>defines if the state is caused due to missing</p>\n","optional":false},{"name":"horizontalPos","type":"String","index":2,"description":"<p>horizontal position of click in pixel i.e '10px'</p>\n","optional":false},{"name":"verticalPos","type":"String","index":3,"description":"<p>vertical position of click in pixel i.e '10px'\nroles of the current user</p>\n","optional":false}]},{"name":"EnableChanged","description":"<p>Fired when operability of the widget changes.</p>\n","parameter":[{"name":"value","type":"Boolean","index":0,"description":"<p>operability</p>\n\n\n\n","optional":false}]},{"name":"OnDragEnd","description":"<p>Fired when element has OnDragEnd.</p>\n","parameter":[{"name":"contentId","type":"String","index":0,"description":"<p>content id of the widget where the drag operation has ended</p>\n","optional":false},{"name":"widgetId","type":"String","index":1,"description":"<p>id of the widget where the drag operation has ended</p>\n","optional":false}]},{"name":"OnDragEnter","description":"<p>Fired when element has onDragEnter.</p>\n","parameter":[{"name":"contentId","type":"String","index":0,"description":"<p>content id of the widget that has been entering the droppable widget</p>\n","optional":false},{"name":"widgetId","type":"String","index":1,"description":"<p>id of the widget that has been entering the droppable widget</p>\n","optional":false}]},{"name":"OnDragLeave","description":"<p>Fired when element has OnDragLeave.</p>\n","parameter":[{"name":"contentId","type":"String","index":0,"description":"<p>content id of the widget that has been leaving the droppable widget</p>\n","optional":false},{"name":"widgetId","type":"String","index":1,"description":"<p>id of the widget that has been leaving the droppable widget</p>\n","optional":false}]},{"name":"OnDragStart","description":"<p>Fired when element has OnDragStart.</p>\n","parameter":[{"name":"contentId","type":"String","index":0,"description":"<p>content id of the widget where the drag operation has been started</p>\n","optional":false},{"name":"widgetId","type":"String","index":1,"description":"<p>id of the widget where the drag operation has been started</p>\n","optional":false}]},{"name":"OnDrop","description":"<p>Fired when element has OnDrop.</p>\n","parameter":[{"name":"contentId","type":"String","index":0,"description":"<p>content id of the widget that has been dropped on the droppable widget</p>\n","optional":false},{"name":"widgetId","type":"String","index":1,"description":"<p>id of the widget that has been dropped on the droppable widget</p>\n","optional":false}]},{"name":"ValueChanged","description":"\n","parameter":[{"name":"value","type":"DateTime","index":0,"description":"<p>Fired when the value changes.</p>\n","optional":false}]},{"name":"VisibleChanged","description":"<p>Fired when the visibility of the widget changes.</p>\n","parameter":[{"name":"value","type":"Boolean","index":0,"description":"<p>visibility</p>\n\n\n\n","optional":false}]}],"properties":[{"name":"draggable","type":"Boolean","initOnly":true,"localizable":false,"editableBinding":false,"readOnly":false,"required":false,"owner":"widgets.brease.common.DragDropProperties.libs.DraggablePropertiesEvents","projectable":true,"description":"Make widget draggable.\n","category":"Behavior","defaultValue":"false"},{"name":"enable","type":"Boolean","initOnly":false,"localizable":false,"editableBinding":false,"readOnly":false,"required":false,"owner":"brease.core.BaseWidget","projectable":true,"description":"Initial option to enable widget.\n","category":"Behavior","defaultValue":"true"},{"name":"format","type":"String","initOnly":false,"localizable":true,"editableBinding":false,"readOnly":false,"required":false,"owner":"widgets.brease.DateTimeInput","projectable":true,"description":"Specifies the format of the time shown in the input field. This is either a format string (e.g. \"HH:mm\") or a pattern (\"F\").\nRead more about <a href=\"../FAQ/FormatDate.html\">Date Formats</a>\n","category":"Appearance","defaultValue":"F"},{"name":"permissionOperate","type":"RoleCollection","initOnly":true,"localizable":false,"editableBinding":false,"readOnly":false,"required":false,"owner":"brease.core.BaseWidget","projectable":true,"description":"restricts operability to users, which have given roles\n","category":"Accessibility"},{"name":"permissionView","type":"RoleCollection","initOnly":true,"localizable":false,"editableBinding":false,"readOnly":false,"required":false,"owner":"brease.core.BaseWidget","projectable":true,"description":"restricts visibility to users, which have given roles\n","category":"Accessibility"},{"name":"pickerPosition","type":"brease.enum.Position","initOnly":true,"localizable":false,"editableBinding":false,"readOnly":false,"required":false,"owner":"widgets.brease.DateTimeInput","projectable":true,"description":"Determines the position of the DateTimePicker relative to the opener.\nFor possible values see at <a href=\"#!/api/brease.enum.Position\" rel=\"brease.enum.Position\" class=\"docClass\">brease.enum.Position</a>\n","category":"Appearance","defaultValue":"right"},{"name":"style","type":"StyleReference","initOnly":false,"localizable":false,"editableBinding":false,"readOnly":false,"required":false,"owner":"brease.core.BaseWidget","projectable":true,"description":"reference to a style for this widget type\n","category":"Appearance","defaultValue":"default"},{"name":"submitOnChange","type":"Boolean","initOnly":true,"localizable":false,"editableBinding":false,"readOnly":false,"required":false,"owner":"widgets.brease.DateTimeInput","projectable":true,"description":"Determines if changes, triggered by user input, should be sent immediately to the server.<br/>\n","category":"Behavior","defaultValue":"true"},{"name":"tooltip","type":"String","initOnly":true,"localizable":true,"editableBinding":false,"readOnly":false,"required":false,"owner":"brease.core.BaseWidget","projectable":true,"description":"reference to a tooltip for a widget\n","category":"Appearance","defaultValue":""},{"name":"value","type":"DateTime","initOnly":false,"localizable":false,"editableBinding":true,"readOnly":false,"required":false,"owner":"widgets.brease.DateTimeInput","projectable":true,"description":"Set Date and Time via DATE_AND_TIME\n","category":"Data","defaultValue":"1970-01-01T00:00:00.000Z"},{"name":"visible","type":"Boolean","initOnly":false,"localizable":false,"editableBinding":false,"readOnly":false,"required":false,"owner":"brease.core.BaseWidget","projectable":true,"description":"change visibility\n","category":"Behavior","defaultValue":"true"},{"name":"zIndex","type":"UInteger","description":"The zIndex property specifies the z-order of a widget and its childs.<br/>\r\n        When widgets overlap, z-order determines which one covers the other. A widget with a larger zIndex generally covers a widget with a lower one.<br/>\r\n        The zIndex must be unique within a content.<br/>","initOnly":true,"required":true,"readOnly":false,"projectable":true,"owner":"brease.core.BaseWidget","hide":false,"cssProp":true},{"name":"left","type":"Integer","description":"absolute position measured from left boundary of parent container","initOnly":true,"required":false,"readOnly":false,"projectable":true,"owner":"brease.core.BaseWidget","hide":false,"cssProp":true},{"name":"top","type":"Integer","description":"absolute position measured from top boundary of parent container","initOnly":true,"required":false,"readOnly":false,"projectable":true,"owner":"brease.core.BaseWidget","hide":false,"cssProp":true},{"name":"height","type":"Size","defaultValue":"30","description":"outer height of widget","initOnly":true,"required":false,"readOnly":false,"projectable":true,"owner":"widgets.brease.DateTimeInput","hide":false,"cssProp":true},{"name":"width","type":"Size","defaultValue":"250","description":"outer width of widget","initOnly":true,"required":false,"readOnly":false,"projectable":true,"owner":"widgets.brease.DateTimeInput","hide":false,"cssProp":true}],"dependencies":{"files":["brease/core/BaseWidget.js","brease/decorators/CultureDependency.js","brease/enum/Enum.js","widgets/brease/DateTimePicker/DateTimePicker.js","brease/events/BreaseEvent.js","brease/core/Utils.js","brease/helper/DateFormatter.js","widgets/brease/common/libs/wfUtils/UtilsEditableBinding.js","brease/decorators/DragAndDropCapability.js","widgets/brease/common/DragDropProperties/libs/DraggablePropertiesEvents.js","widgets/brease/common/DragDropProperties/libs/DroppablePropertiesEvents.js"],"widgets":["widgets/brease/DateTimeInput/DateTimeInput.js","widgets/brease/DateTimePicker/DateTimePicker.js"]},"categories":{"Category":["DateTime"]},"descriptions":{"short":"Zeitingabe","de":"Ermöglicht dem Benutzer einen Zeitwert einzugeben","en":"Enables the user to enter a time"},"superproperties":{"id":{"type":"WidgetId"},"enable":{"type":"Boolean"},"permissionOperate":{"type":"RoleCollection"},"permissionView":{"type":"RoleCollection"},"style":{"type":"StyleReference"},"tooltip":{"type":"String"},"visible":{"type":"Boolean"},"zIndex":{"type":"UInteger"},"left":{"type":"Integer"},"top":{"type":"Integer"},"height":{"type":"AutoSize"},"width":{"type":"AutoSize"}},"styleproperties":{"StyleProperty":[{"$":{"name":"borderWidth","category":"Appearance","type":"PixelValCollection","default":"2px 6px 2px 2px"},"StyleElement":[{"$":{"selector":"&:not(.disabled):not(.active)","attribute":"border-width"}}],"Description":["Sets the width of the border. For further information, please check its type"]},{"$":{"name":"activeBorderWidth","category":"Appearance","type":"PixelValCollection","default":"2px 6px 2px 2px"},"StyleElement":[{"$":{"selector":"&.active:not(.disabled)","attribute":"border-width"}}],"Description":["Sets the width of the border while widget is operated. For further information, please see its type"]},{"$":{"name":"disabledBorderWidth","category":"Appearance","type":"PixelValCollection","default":"2px 6px 2px 2px"},"StyleElement":[{"$":{"selector":"&.disabled","attribute":"border-width"}}],"Description":["Sets the border width of the widget when disbaled. For further information, please see its type"]},{"$":{"name":"cornerRadius","category":"Appearance","type":"PixelValCollection","default":"0px"},"StyleElement":[{"$":{"attribute":"@include border-radius($value)"}}],"Description":["Sets the radius of the widget rounded corners. For further information, please check its type"]},{"$":{"name":"backColor","category":"Appearance","type":"Color","default":"#FFFFFF"},"StyleElement":[{"$":{"selector":"&:not(.active):not(.disabled)","attribute":"background-color"}}],"Description":["Sets the background color"]},{"$":{"name":"disabledBackColor","category":"Appearance","type":"Color","default":"#F1F1F1"},"StyleElement":[{"$":{"selector":"&.disabled","attribute":"background-color"}}],"Description":["Sets the background color of the widget when disabled"]},{"$":{"name":"backGroundGradient","category":"Appearance","type":"Gradient","default":""},"StyleElement":[{"$":{"selector":"&:not(.disabled)","attribute":"@include backGroundGradient('$value')"}}],"Description":["Background as a gradient"]},{"$":{"name":"disabledBackGroundGradient","category":"Appearance","type":"Gradient","default":""},"StyleElement":[{"$":{"selector":"&.disabled","attribute":"@include backGroundGradient('$value')"}}],"Description":["Background as a gradient"]},{"$":{"name":"borderColor","category":"Appearance","type":"ColorCollection","default":"#555555"},"StyleElement":[{"$":{"selector":"&:not(.active):not(.disabled)","attribute":"border-color"}}],"Description":["Sets the border color"]},{"$":{"name":"disabledBorderColor","category":"Appearance","type":"ColorCollection","default":"#C8C8C8"},"StyleElement":[{"$":{"selector":"&.disabled","attribute":"border-color"}}],"Description":["Sets the border color of the widget when disabled. For further information, please see its type"]},{"$":{"name":"activeBorderColor","category":"Appearance","type":"ColorCollection","default":"#FF8800"},"StyleElement":[{"$":{"selector":"&.active:not(.disabled)","attribute":"border-color"}}],"Description":["Sets the border color when the widget is active"]},{"$":{"name":"activeBackColor","category":"Appearance","type":"Color","default":"#F1F1F1"},"StyleElement":[{"$":{"selector":"&.active:not(.disabled)","attribute":"background-color"}}],"Description":["back color when widget is active"]},{"$":{"name":"activeTextColor","category":"Appearance","type":"Color","default":"#000000"},"StyleElement":[{"$":{"selector":"&.active:not(.disabled) span","attribute":"color"}}],"Description":["Sets the color of the text when the widget is active"]},{"$":{"name":"borderStyle","category":"Appearance","type":"BorderStyle","default":"solid"},"StyleElement":[{"$":{"selector":"","attribute":"border-style"}},{"$":{"selector":"&.active","attribute":"border-style"}}],"Description":["Style of the Border of the widget"]},{"$":{"name":"textColor","category":"Appearance","type":"Color","default":"#000000"},"StyleElement":[{"$":{"selector":"&:not(.active):not(.disabled) span","attribute":"color"}}],"Description":["Sets the color of the text"]},{"$":{"name":"disabledTextColor","category":"Appearance","type":"Color","default":"#C8C8C8"},"StyleElement":[{"$":{"selector":"&.disabled span","attribute":"color"}}],"Description":["Sets the color of the displayed text when the widget is disabled"]},{"$":{"name":"textAlign","category":"Appearance","type":"brease.enum.TextAlign","default":"right"},"StyleElement":[{"$":{"attribute":"@include text-alignment($value)"}}],"Description":["Alignment of the text"]},{"$":{"name":"opacity","category":"Appearance","type":"Opacity","default":"1"},"StyleElement":[{"$":{"attribute":"opacity"}}],"Description":["Opacity of the widget"]},{"$":{"name":"fontName","category":"Font","type":"FontName","default":"Arial"},"StyleElement":[{"$":{"attribute":"font-family"}}],"Description":["Fontname of the text"]},{"$":{"name":"fontSize","category":"Font","type":"PixelVal","default":"16px"},"StyleElement":[{"$":{"attribute":"font-size"}}],"Description":["Fontsize of the text"]},{"$":{"name":"rotation","category":"Appearance","type":"Rotation","default":"0deg"},"StyleElement":[{"$":{"selector":"","attribute":"@include rotate($value)"}}],"Description":["Rotation of widget."]},{"$":{"name":"bold","category":"Font","type":"Boolean","default":"true"},"StyleElement":[{"$":{"attribute":"@include font-weight-bold($value)"}}],"Description":["If **true** font style is bold"]},{"$":{"name":"italic","category":"Font","type":"Boolean","default":"false"},"StyleElement":[{"$":{"attribute":"@include font-style-italic($value)"}}],"Description":["If **true** font style is italic"]},{"$":{"name":"padding","category":"Layout","type":"Padding","default":"0 15px 0 15px"},"StyleElement":[{"$":{"attribute":"padding"}}],"Description":["Padding of the Widget"]},{"$":{"name":"margin","category":"Layout","type":"Margin","default":"0px"},"StyleElement":[{"$":{"attribute":"margin"}}],"Description":["Margin of the Widget"]},{"$":{"name":"shadow","category":"Appearance","type":"Shadow","default":"none"},"StyleElement":[{"$":{"attribute":"@include box-shadow($value)"}}],"Description":["Shadow of the Widget"]}],"$":{}},"propertygroups":{"PropertyGroup":[{"$":{"name":"Size","type":"String","category":"Layout"},"Description":["outer height and width of widget"]},{"$":{"name":"Position","type":"String","category":"Layout"},"Description":["top and left of widget"]}]}}