{"name":"widgets.brease.NumPad","type":"widget","meta":{"superClass":"system.widgets.NumPad","requires":[],"mixins":[],"parents":["*"],"children":[],"inheritance":["widgets.brease.NumPad","system.widgets.NumPad","widgets.brease.Window","brease.core.BaseWidget"],"keyboard":"NumPad","visible":"false","createHelp":"true","filePath":"widgets/brease/NumPad/NumPad.js"},"methods":[{"name":"setEditable","originalName":"setEditable","read":false,"description":"<p>Sets the state of property «editable»<br/>\nUsed for «editable» binding; method is called exclusevely by the framework</p>\n","iatStudioExposed":false,"parameter":[{"name":"editable","type":"Boolean","index":0,"description":"\n","optional":false},{"name":"metaData","type":"Object","index":1,"description":"\n","optional":false}]},{"name":"setEnable","originalName":"setEnable","read":false,"description":"<p>Sets the state of property «enable»</p>\n","iatStudioExposed":false,"parameter":[{"name":"value","type":"Boolean","index":0,"description":"\n","optional":false}]},{"name":"setStyle","originalName":"setStyle","read":false,"description":"<p>Overwrites method from BaseWidget module</p>\n","iatStudioExposed":false,"parameter":[{"name":"style","type":"StyleReference","index":0,"description":"\n","optional":false}]},{"name":"setVisible","originalName":"setVisible","read":false,"description":"<p>Sets the state of property «visible»</p>\n","iatStudioExposed":false,"parameter":[{"name":"value","type":"Boolean","index":0,"description":"\n","optional":false}]},{"name":"ShowTooltip","originalName":"showTooltip","read":false,"description":"\n","iatStudioExposed":true}],"events":[{"name":"DisabledClick","description":"<p>Fired when disabled element is clicked on.</p>\n","parameter":[{"name":"origin","type":"String","index":0,"description":"<p>id of widget that triggered this event</p>\n","optional":false},{"name":"hasPermission","type":"Boolean","index":1,"description":"<p>defines if the state is caused due to missing</p>\n","optional":false},{"name":"horizontalPos","type":"String","index":2,"description":"<p>horizontal position of click in pixel i.e '10px'</p>\n","optional":false},{"name":"verticalPos","type":"String","index":3,"description":"<p>vertical position of click in pixel i.e '10px'\nroles of the current user</p>\n","optional":false}]}],"properties":[{"name":"autoRaise","type":"brease.enum.AutoRaise","initOnly":true,"localizable":false,"editableBinding":false,"readOnly":false,"required":false,"owner":"brease.objects.WindowConfig","projectable":true,"description":"Can be used to configure the behavior of raising a window above others when the user\nclicks on it. The default behavior will raise the window automaically when the user clicks on it\n","defaultValue":"enabled"},{"name":"enable","type":"Boolean","initOnly":false,"localizable":false,"editableBinding":false,"readOnly":false,"required":false,"owner":"brease.core.BaseWidget","projectable":true,"description":"Initial option to enable widget.\n","category":"Behavior","defaultValue":"true"},{"name":"modal","type":"Boolean","initOnly":true,"localizable":false,"editableBinding":false,"readOnly":false,"required":false,"owner":"brease.objects.WindowConfig","projectable":true,"description":"If true, the window will be modal, in the meaning that no interaction with beneath page is possible. A semi transparent overlay between window and parent application will catch user actions.<br/>\nIt depends on settings 'showCloseButton' and 'forceInteraction' how the user can close the window.\n","defaultValue":"true"},{"name":"permissionOperate","type":"RoleCollection","initOnly":true,"localizable":false,"editableBinding":false,"readOnly":false,"required":false,"owner":"brease.core.BaseWidget","projectable":true,"description":"restricts operability to users, which have given roles\n","category":"Accessibility"},{"name":"permissionView","type":"RoleCollection","initOnly":true,"localizable":false,"editableBinding":false,"readOnly":false,"required":false,"owner":"brease.core.BaseWidget","projectable":true,"description":"restricts visibility to users, which have given roles\n","category":"Accessibility"},{"name":"position","type":"Object","initOnly":true,"localizable":false,"editableBinding":false,"readOnly":false,"required":false,"owner":"brease.objects.WindowConfig","projectable":true,"description":"Horizontal and vertical position of the Window.<br/>\nEither a string (horizontal:left/center/right, vertical:top/middle/bottom) or an integer.<br/>\nExample :\n\n<pre><code>  {'horizontal': 'center', 'vertical': 105}\n</code></pre>\n","defaultValue":"{&apos;horizontal&apos;:&apos;center&apos;, &apos;vertical&apos;:&apos;middle&apos;}"},{"name":"style","type":"StyleReference","initOnly":false,"localizable":false,"editableBinding":false,"readOnly":false,"required":false,"owner":"brease.core.BaseWidget","projectable":true,"description":"reference to a style for this widget type\n","category":"Appearance","defaultValue":"default"},{"name":"tooltip","type":"String","initOnly":true,"localizable":true,"editableBinding":false,"readOnly":false,"required":false,"owner":"brease.core.BaseWidget","projectable":true,"description":"reference to a tooltip for a widget\n","category":"Appearance","defaultValue":""},{"name":"visible","type":"Boolean","initOnly":false,"localizable":false,"editableBinding":false,"readOnly":false,"required":false,"owner":"brease.core.BaseWidget","projectable":true,"description":"change visibility\n","category":"Behavior","defaultValue":"true"},{"name":"zIndex","type":"UInteger","description":"The zIndex property specifies the z-order of a widget and its childs.<br/>\r\n        When widgets overlap, z-order determines which one covers the other. A widget with a larger zIndex generally covers a widget with a lower one.<br/>\r\n        The zIndex must be unique within a content.<br/>","initOnly":true,"required":true,"readOnly":false,"projectable":true,"owner":"brease.core.BaseWidget","hide":false,"cssProp":true},{"name":"left","type":"Integer","description":"absolute position measured from left boundary of parent container","initOnly":true,"required":false,"readOnly":false,"projectable":true,"owner":"brease.core.BaseWidget","hide":false,"cssProp":true},{"name":"top","type":"Integer","description":"absolute position measured from top boundary of parent container","initOnly":true,"required":false,"readOnly":false,"projectable":true,"owner":"brease.core.BaseWidget","hide":false,"cssProp":true},{"name":"height","type":"Size","defaultValue":"411","description":"outer height of widget","initOnly":true,"required":false,"readOnly":false,"projectable":true,"owner":"widgets.brease.NumPad","hide":false,"cssProp":true},{"name":"width","type":"Size","defaultValue":"354","description":"outer width of widget","initOnly":true,"required":false,"readOnly":false,"projectable":true,"owner":"widgets.brease.NumPad","hide":false,"cssProp":true}],"dependencies":{"files":["system/widgets/NumPad/NumPad.js","brease/enum/Enum.js","brease/core/Utils.js"],"widgets":["widgets/brease/NumPad/NumPad.js"]},"categories":{"Category":["System"]},"descriptions":{"short":"NumPad zur Eingabe numerischer Werte","de":"NumPad zur Eingabe numerischer Werte","en":"NumPad for the input of numeric values","ASHelp":"The NumPad widget can not be used in a content directly, but its possible to use styles for it."},"superproperties":{"id":{"type":"WidgetId"},"enable":{"type":"Boolean"},"permissionOperate":{"type":"RoleCollection"},"permissionView":{"type":"RoleCollection"},"style":{"type":"StyleReference"},"tooltip":{"type":"String"},"visible":{"type":"Boolean"},"zIndex":{"type":"UInteger"},"left":{"type":"Integer"},"top":{"type":"Integer"},"height":{"type":"AutoSize"},"width":{"type":"AutoSize"}},"styleproperties":{"StyleProperty":[{"$":{"name":"cornerRadius","category":"Appearance","type":"PixelValCollection","default":"0px"},"StyleElement":[{"$":{"attribute":"@include border-radius($value)"}},{"$":{"selector":".numpadHeader","attribute":"@include border-radius($value)"}}]},{"$":{"name":"backColor","category":"Appearance","type":"Color","default":"#FFFFFF"},"StyleElement":[{"$":{"selector":".numpad","attribute":"background-color"}}]},{"$":{"name":"backGroundGradient","category":"Appearance","type":"Gradient","default":""},"StyleElement":[{"$":{"selector":".numpad","attribute":"@include backGroundGradient('$value')"}}]},{"$":{"name":"headerGradient","category":"Appearance","type":"Gradient","default":""},"StyleElement":[{"$":{"selector":".numpadHeader","attribute":"@include backGroundGradient('$value')"}}]},{"$":{"name":"borderColor","category":"Appearance","type":"ColorCollection","default":"#333333"},"StyleElement":[{"$":{"attribute":"border-color"}},{"$":{"selector":"header","attribute":"background-color"}},{"$":{"selector":"&.arrowLeft .breaseWindowArrow","attribute":"border-right-color"}},{"$":{"selector":"&.arrowRight .breaseWindowArrow","attribute":"border-left-color"}},{"$":{"selector":"&.arrowTop .breaseWindowArrow","attribute":"border-bottom-color"}},{"$":{"selector":"&.arrowBottom .breaseWindowArrow","attribute":"border-top-color"}}]},{"$":{"name":"textColor","category":"Appearance","type":"Color","default":"#000000"},"StyleElement":[{"$":{"selector":".breaseNumPadButtons button","attribute":"color"}},{"$":{"selector":".maxValueBox .maxValue","attribute":"color"}},{"$":{"selector":".maxValueBox label","attribute":"color"}},{"$":{"selector":".minValueBox .minValue","attribute":"color"}},{"$":{"selector":".minValueBox label","attribute":"color"}},{"$":{"selector":".breaseNumPadDeleteIcon","attribute":"@include svgcolordelete('$value')"}},{"$":{"selector":".breaseNumPadEnterIcon","attribute":"@include svgcolorenter('$value')"}}]},{"$":{"name":"mouseDownBackColor","category":"Appearance","type":"Color","default":"#FFA800"},"StyleElement":[{"$":{"selector":".breaseNumPadButtons button.active","attribute":"background-color"}}]},{"$":{"name":"mouseDownTextColor","category":"Appearance","type":"Color","default":"#000000"},"StyleElement":[{"$":{"selector":".breaseNumPadButtons button.active","attribute":"color"}},{"$":{"selector":".breaseNumPadButtons button.active .breaseNumPadDeleteIcon","attribute":"@include svgcolordelete('$value')"}},{"$":{"selector":".breaseNumPadButtons button.active .breaseNumPadEnterIcon","attribute":"@include svgcolorenter('$value')"}}]},{"$":{"name":"buttonBackGroundGradient","category":"Appearance","type":"Gradient","default":""},"StyleElement":[{"$":{"selector":".breaseNumPadButtons button:not(.active)","attribute":"@include backGroundGradient('$value')"}}]},{"$":{"name":"buttonCornerRadius","category":"Appearance","type":"PixelValCollection","default":"0px"},"StyleElement":[{"$":{"selector":".breaseNumPadButtons button","attribute":"@include border-radius($value)"}}]},{"$":{"name":"buttonMouseDownBackGroundGradient","category":"Appearance","type":"Gradient","default":""},"StyleElement":[{"$":{"selector":".breaseNumPadButtons button.active","attribute":"@include backGroundGradient('$value')"}}]},{"$":{"name":"buttonMouseDownBorderColor","category":"Appearance","type":"ColorCollection","default":"#333333"},"StyleElement":[{"$":{"selector":".solidBtnBorder .breaseNumPadButtons button.active","attribute":"border-color"}}]},{"$":{"name":"buttonBackColor","category":"Appearance","type":"Color","default":"#FFFFFF"},"StyleElement":[{"$":{"selector":".breaseNumPadButtons button","attribute":"background-color"}}]},{"$":{"name":"buttonMargin","category":"Appearance","type":"PixelValCollection","default":"0px 0px 0px 0px"},"StyleElement":[{"$":{"selector":".breaseNumPadButtons button","attribute":"margin"}}]},{"$":{"name":"buttonBorderColor","category":"Appearance","type":"ColorCollection","default":"#555555"},"StyleElement":[{"$":{"selector":".breaseNumPadButtons button","attribute":"border-color"}},{"$":{"selector":".solidBtnBorder .breaseNumPadButtons button","attribute":"border-color"}},{"$":{"selector":".breaseNumPadButtons button[data-value='0']","attribute":"border-right-color"}}]},{"$":{"name":"buttonBorderWidth","category":"Appearance","type":"PixelValCollection","default":"1px 1px 1px 1px"},"StyleElement":[{"$":{"selector":".breaseNumPadButtons button","attribute":"border-width"}},{"$":{"selector":".solidBtnBorder .breaseNumPadButtons button","attribute":"border-width"}},{"$":{"selector":".breaseNumPadButtons button[data-value='0']","attribute":"border-width"}}]},{"$":{"name":"opacity","category":"Appearance","type":"Opacity","default":"1"},"StyleElement":[{"$":{"attribute":"opacity"}}]},{"$":{"name":"fontName","type":"FontName","default":"Arial"},"StyleElement":[{"$":{"attribute":"font-family"}}]},{"$":{"name":"shadow","type":"Shadow","default":"none"},"StyleElement":[{"$":{"attribute":"@include box-shadow($value)"}}]},{"$":{"name":"sliderForeColor","category":"Appearance","type":"Color","default":"#FFF"},"StyleElement":[{"$":{"selector":".breaseNumpadSlider .numpadSlider_thumb .numpadSlider_knob","attribute":"background-color"}}]},{"$":{"name":"sliderForeGroundGradient","category":"Appearance","type":"Gradient","default":""},"StyleElement":[{"$":{"selector":".breaseNumpadSlider .numpadSlider_thumb .numpadSlider_knob","attribute":"@include backGroundGradient('$value')"}}]},{"$":{"name":"sliderOutputBackColor","category":"Appearance","type":"Color","default":"transparent"},"StyleElement":[{"$":{"selector":".breaseNumpadSlider .numpadSlider_thumb .numpadSlider_output","attribute":"background-color"}},{"$":{"selector":".breaseNumpadSlider .numpadSlider_thumb .numpadSlider_output:after","attribute":"border-top-color"}}]},{"$":{"name":"valueBackColor","category":"Appearance","type":"Color","default":"#FFFFFF"},"StyleElement":[{"$":{"selector":".breaseNumpadNumericValueInnerWrapper","attribute":"background-color"}}],"Description":["Sets the background color of the numericValue"]},{"$":{"name":"valueBackGroundGradient","category":"Appearance","type":"Gradient","default":""},"StyleElement":[{"$":{"selector":".breaseNumpadNumericValueInnerWrapper","attribute":"@include backGroundGradient('$value')"}}],"Description":["Background as a gradient"]},{"$":{"name":"valueBorderColor","category":"Appearance","type":"ColorCollection","default":"#333333"},"StyleElement":[{"$":{"selector":".breaseNumpadNumericValueInnerWrapper","attribute":"border-color"}}],"Description":["Sets the border color of the numericValue. For further information, please see its type"]},{"$":{"name":"valueBorderStyle","category":"Appearance","type":"BorderStyle","default":"none"},"StyleElement":[{"$":{"selector":".breaseNumpadNumericValueInnerWrapper","attribute":"border-style"}}],"Description":["Sets the border style of the numericValue"]},{"$":{"name":"valueBorderWidth","category":"Appearance","type":"PixelValCollection","default":"1px"},"StyleElement":[{"$":{"selector":".breaseNumpadNumericValueInnerWrapper","attribute":"border-width"}}],"Description":["Sets the border width of the numericValue. For further information, please see its type"]},{"$":{"name":"valueCornerRadius","category":"Appearance","type":"PixelValCollection","default":"0px"},"StyleElement":[{"$":{"selector":".breaseNumpadNumericValueInnerWrapper","attribute":"@include border-radius($value)"}}],"Description":["Sets the radius of the numericValue rounded corners. For further information, please see its type"]},{"$":{"name":"valueFontName","category":"Font","type":"FontName","default":"Arial"},"StyleElement":[{"$":{"selector":".numpad .breaseNumpadNumericValueOutterWrapper .breaseNumpadNumericValueInnerWrapper .breaseNumpadNumericValue","attribute":"font-family"}}],"Description":["Sets the font name of the displayed text in the numericValue output"]},{"$":{"name":"valueFontSize","category":"Font","type":"PixelVal","default":"18px"},"StyleElement":[{"$":{"selector":".numpad .breaseNumpadNumericValueOutterWrapper .breaseNumpadNumericValueInnerWrapper .breaseNumpadNumericValue","attribute":"font-size"}}],"Description":["Sets the font size of the displayed text in the numericValue output"]},{"$":{"name":"valueTextAlign","category":"Appearance","type":"brease.enum.TextAlign","default":"left"},"StyleElement":[{"$":{"selector":".numpad .breaseNumpadNumericValueOutterWrapper .breaseNumpadNumericValueInnerWrapper .breaseNumpadNumericValue","attribute":"@include text-alignment($value)"}}],"Description":["Aligns the value text"]},{"$":{"name":"valueTextColor","category":"Appearance","type":"Color","default":"#000000"},"StyleElement":[{"$":{"selector":".numpad .breaseNumpadNumericValueOutterWrapper .breaseNumpadNumericValueInnerWrapper .breaseNumpadNumericValue","attribute":"color"}},{"$":{"selector":".breaseNumpadSlider .numpadSlider_thumb .numpadSlider_output span","attribute":"color"}}],"Description":["Sets the color of the displayed text"]},{"$":{"name":"valueShadow","category":"Appearance","type":"Shadow","default":"none"},"StyleElement":[{"$":{"selector":".breaseNumpadNumericValueInnerWrapper","attribute":"@include box-shadow($value)"}}],"Description":["Sets the shadow effect of the widget. For further information, please see its type"]},{"$":{"name":"showSlider","category":"Appearance","type":"Boolean","default":"true"},"StyleElement":[{"$":{"selector":".breaseNumpadNumericValueOutterWrapper","attribute":"@include display(if($value, false, true), 'flex')"}}],"Description":["If **false** numericValue is shown"]},{"$":{"name":"showMinMax","category":"Appearance","type":"Boolean","default":"true"},"StyleElement":[{"$":{"selector":".minValueBox","attribute":"@include display($value)"}},{"$":{"selector":".maxValueBox","attribute":"@include display($value)"}}],"Description":["If **true** minMax value is shown"]},{"$":{"name":"imageDeleteBackground","category":"Appearance","type":"ImagePath","default":""},"StyleElement":[{"$":{"selector":".breaseNumPadDeleteIcon","attribute":"@include pureBackgroundImage('../$value')"}}],"Description":["Sets the backgroundimage of the delete icon"]},{"$":{"name":"mouseDownImageDeleteBackground","category":"Appearance","type":"ImagePath","default":""},"StyleElement":[{"$":{"selector":"button.breaseNumPadDelete.active .breaseNumPadDeleteIcon","attribute":"@include pureBackgroundImage('../$value')"}}],"Description":["Sets the backgroundimage of the delete icon when mouse down"]},{"$":{"name":"imageEnterBackground","category":"Appearance","type":"ImagePath","default":""},"StyleElement":[{"$":{"selector":".breaseNumPadEnterIcon","attribute":"@include pureBackgroundImage('../$value')"}}],"Description":["Sets the backgroundimage of the Enter icon"]},{"$":{"name":"mouseDownImageEnterBackground","category":"Appearance","type":"ImagePath","default":""},"StyleElement":[{"$":{"selector":"button.breaseNumPadEnter.active .breaseNumPadEnterIcon","attribute":"@include pureBackgroundImage('../$value')"}}],"Description":["Sets the backgroundimage of the Enter icon when mouse down"]}],"$":{}},"propertygroups":{"PropertyGroup":[{"$":{"name":"Size","type":"String","category":"Layout"},"Description":["outer height and width of widget"]},{"$":{"name":"Position","type":"String","category":"Layout"},"Description":["top and left of widget"]}]}}