{"name":"widgets.brease.OnlineChart","type":"widget","meta":{"superClass":"widgets.brease.ChartWidget","requires":["widgets.brease.BusyIndicator"],"mixins":[],"parents":["*"],"children":["widgets.brease.OnlineChartTimeAxis","widgets.brease.OnlineChartYAxis"],"inheritance":["widgets.brease.OnlineChart","widgets.brease.ChartWidget","brease.core.ContainerWidget","brease.core.BaseWidget"],"license":"licensed","isContainer":"true","filePath":"widgets/brease/OnlineChart/OnlineChart.js"},"methods":[{"name":"GraphReset","originalName":"graphReset","read":false,"description":"<p>Resets the data of the graph</p>\n","iatStudioExposed":true,"parameter":[{"name":"id","type":"String","index":0,"description":"\n","optional":false}]},{"name":"setAutoscale","originalName":"setAutoscale","read":false,"description":"<p>Sets the value autoscale for autoscale property</p>\n","iatStudioExposed":false,"parameter":[{"name":"value","type":"Boolean","index":0,"description":"<p>New value</p>\n","optional":false}]},{"name":"setChartMargin","originalName":"setChartMargin","read":false,"description":"<p>Sets chartMargin</p>\n","iatStudioExposed":false,"parameter":[{"name":"chartMargin","type":"PixelValCollection","index":0,"description":"\n","optional":false}]},{"name":"setEditable","originalName":"setEditable","read":false,"description":"<p>Sets the state of property «editable»<br/>\nUsed for «editable» binding; method is called exclusevely by the framework</p>\n","iatStudioExposed":false,"parameter":[{"name":"editable","type":"Boolean","index":0,"description":"\n","optional":false},{"name":"metaData","type":"Object","index":1,"description":"\n","optional":false}]},{"name":"SetEnable","originalName":"setEnable","read":false,"description":"<p>Sets the state of property «enable»</p>\n","iatStudioExposed":true,"parameter":[{"name":"value","type":"Boolean","index":0,"description":"\n","optional":false}]},{"name":"setShowGrid","originalName":"setShowGrid","read":false,"description":"<p>Sets the visibility of the grid</p>\n","iatStudioExposed":false,"parameter":[{"name":"value","type":"Boolean","index":0,"description":"\n","optional":false}]},{"name":"SetStyle","originalName":"setStyle","read":false,"description":"\n","iatStudioExposed":true,"parameter":[{"name":"value","type":"StyleReference","index":0,"description":"\n","optional":false}]},{"name":"SetVisible","originalName":"setVisible","read":false,"description":"<p>Sets the state of property «visible»</p>\n","iatStudioExposed":true,"parameter":[{"name":"value","type":"Boolean","index":0,"description":"\n","optional":false}]},{"name":"ShowTooltip","originalName":"showTooltip","read":false,"description":"\n","iatStudioExposed":true}],"events":[{"name":"Click","description":"<p>Fired when element is clicked on.</p>\n","parameter":[{"name":"origin","type":"String","index":0,"description":"<p>id of widget that triggered this event</p>\n\n\n\n","optional":false},{"name":"horizontalPos","type":"String","index":1,"description":"<p>horizontal position of click in pixel i.e '10px'</p>\n\n\n\n","optional":false},{"name":"verticalPos","type":"String","index":2,"description":"<p>vertical position of click in pixel i.e '10px'</p>\n\n\n\n","optional":false}]},{"name":"DisabledClick","description":"<p>Fired when disabled element is clicked on.</p>\n","parameter":[{"name":"origin","type":"String","index":0,"description":"<p>id of widget that triggered this event</p>\n","optional":false},{"name":"hasPermission","type":"Boolean","index":1,"description":"<p>defines if the state is caused due to missing</p>\n","optional":false},{"name":"horizontalPos","type":"String","index":2,"description":"<p>horizontal position of click in pixel i.e '10px'</p>\n","optional":false},{"name":"verticalPos","type":"String","index":3,"description":"<p>vertical position of click in pixel i.e '10px'\nroles of the current user</p>\n","optional":false}]},{"name":"EnableChanged","description":"<p>Fired when operability of the widget changes.</p>\n","parameter":[{"name":"value","type":"Boolean","index":0,"description":"<p>operability</p>\n\n\n\n","optional":false}]},{"name":"OnDragEnter","description":"<p>Fired when element has onDragEnter.</p>\n","parameter":[{"name":"contentId","type":"String","index":0,"description":"<p>content id of the widget that has been entering the droppable widget</p>\n","optional":false},{"name":"widgetId","type":"String","index":1,"description":"<p>id of the widget that has been entering the droppable widget</p>\n","optional":false}]},{"name":"OnDragLeave","description":"<p>Fired when element has OnDragLeave.</p>\n","parameter":[{"name":"contentId","type":"String","index":0,"description":"<p>content id of the widget that has been leaving the droppable widget</p>\n","optional":false},{"name":"widgetId","type":"String","index":1,"description":"<p>id of the widget that has been leaving the droppable widget</p>\n","optional":false}]},{"name":"OnDrop","description":"<p>Fired when element has OnDrop.</p>\n","parameter":[{"name":"contentId","type":"String","index":0,"description":"<p>content id of the widget that has been dropped on the droppable widget</p>\n","optional":false},{"name":"widgetId","type":"String","index":1,"description":"<p>id of the widget that has been dropped on the droppable widget</p>\n","optional":false}]},{"name":"VisibleChanged","description":"<p>Fired when the visibility of the widget changes.</p>\n","parameter":[{"name":"value","type":"Boolean","index":0,"description":"<p>visibility</p>\n\n\n\n","optional":false}]}],"properties":[{"name":"autoscale","type":"Boolean","initOnly":true,"localizable":false,"editableBinding":false,"readOnly":false,"required":false,"owner":"widgets.brease.OnlineChart","projectable":true,"description":"Activates autoscaling functionality for y axes.\n","category":"Behavior","defaultValue":"false"},{"name":"chartMargin","type":"PixelValCollection","initOnly":true,"localizable":false,"editableBinding":false,"readOnly":false,"required":false,"owner":"widgets.brease.ChartWidget","projectable":true,"description":"Defines margins between the chart area and the external border of the widget\n","category":"Appearance","defaultValue":"15px"},{"name":"enable","type":"Boolean","initOnly":false,"localizable":false,"editableBinding":false,"readOnly":false,"required":false,"owner":"brease.core.BaseWidget","projectable":true,"description":"Initial option to enable widget.\n","category":"Behavior","defaultValue":"true"},{"name":"maxZoomLevel","type":"UInteger","initOnly":true,"localizable":false,"editableBinding":false,"readOnly":false,"required":false,"owner":"widgets.brease.OnlineChart","projectable":true,"description":"\n","deprecated":true,"category":"Behavior","defaultValue":"500"},{"name":"minZoomLevel","type":"UInteger","initOnly":true,"localizable":false,"editableBinding":false,"readOnly":false,"required":false,"owner":"widgets.brease.OnlineChart","projectable":true,"description":"\n","deprecated":true,"category":"Behavior","defaultValue":"20"},{"name":"permissionOperate","type":"RoleCollection","initOnly":true,"localizable":false,"editableBinding":false,"readOnly":false,"required":false,"owner":"brease.core.BaseWidget","projectable":true,"description":"restricts operability to users, which have given roles\n","category":"Accessibility"},{"name":"permissionView","type":"RoleCollection","initOnly":true,"localizable":false,"editableBinding":false,"readOnly":false,"required":false,"owner":"brease.core.BaseWidget","projectable":true,"description":"restricts visibility to users, which have given roles\n","category":"Accessibility"},{"name":"showGrid","type":"Boolean","initOnly":true,"localizable":false,"editableBinding":false,"readOnly":false,"required":false,"owner":"widgets.brease.ChartWidget","projectable":true,"description":"Controls visibility of Gridlines\n","category":"Behavior","defaultValue":"true"},{"name":"style","type":"StyleReference","initOnly":false,"localizable":false,"editableBinding":false,"readOnly":false,"required":false,"owner":"brease.core.BaseWidget","projectable":true,"description":"reference to a style for this widget type\n","category":"Appearance","defaultValue":"default"},{"name":"tooltip","type":"String","initOnly":true,"localizable":true,"editableBinding":false,"readOnly":false,"required":false,"owner":"brease.core.BaseWidget","projectable":true,"description":"reference to a tooltip for a widget\n","category":"Appearance","defaultValue":""},{"name":"visible","type":"Boolean","initOnly":false,"localizable":false,"editableBinding":false,"readOnly":false,"required":false,"owner":"brease.core.BaseWidget","projectable":true,"description":"change visibility\n","category":"Behavior","defaultValue":"true"},{"name":"zIndex","type":"UInteger","description":"The zIndex property specifies the z-order of a widget and its childs.<br/>\r\n        When widgets overlap, z-order determines which one covers the other. A widget with a larger zIndex generally covers a widget with a lower one.<br/>\r\n        The zIndex must be unique within a content.<br/>","initOnly":true,"required":true,"readOnly":false,"projectable":true,"owner":"brease.core.BaseWidget","hide":false,"cssProp":true},{"name":"left","type":"Integer","description":"absolute position measured from left boundary of parent container","initOnly":true,"required":false,"readOnly":false,"projectable":true,"owner":"brease.core.BaseWidget","hide":false,"cssProp":true},{"name":"top","type":"Integer","description":"absolute position measured from top boundary of parent container","initOnly":true,"required":false,"readOnly":false,"projectable":true,"owner":"brease.core.BaseWidget","hide":false,"cssProp":true},{"name":"height","type":"Size","defaultValue":"440","description":"Outer height of widget","initOnly":true,"required":false,"readOnly":false,"projectable":true,"owner":"widgets.brease.ChartWidget","hide":false,"cssProp":true},{"name":"width","type":"Size","defaultValue":"720","description":"Outer width of widget","initOnly":true,"required":false,"readOnly":false,"projectable":true,"owner":"widgets.brease.ChartWidget","hide":false,"cssProp":true}],"dependencies":{"files":["widgets/brease/ChartWidget/ChartWidget.js","widgets/brease/common/libs/DataAdapter.js","widgets/brease/common/libs/Renderer.js","brease/decorators/MeasurementSystemDependency.js","widgets/brease/BusyIndicator/BusyIndicator.js"],"widgets":["widgets/brease/OnlineChart/OnlineChart.js","widgets/brease/ChartWidget/ChartWidget.js","widgets/brease/BusyIndicator/BusyIndicator.js"]},"categories":{"Category":["Chart","Container"]},"descriptions":{"short":"OnlineChart Container","de":"Widget Container zur Representation von Zeitserien in Echtzeit","en":"Widget container to represent time series in real-time"},"superproperties":{"id":{"type":"WidgetId"},"enable":{"type":"Boolean"},"permissionOperate":{"type":"RoleCollection"},"permissionView":{"type":"RoleCollection"},"style":{"type":"StyleReference"},"tooltip":{"type":"String"},"visible":{"type":"Boolean"},"zIndex":{"type":"UInteger"},"left":{"type":"Integer"},"top":{"type":"Integer"},"height":{"type":"AutoSize"},"width":{"type":"AutoSize"}},"styleproperties":{"StyleProperty":[{"$":{"name":"backColor","category":"Appearance","type":"Color","default":"transparent"},"StyleElement":[{"$":{"selector":"&:not(.disabled)","attribute":"background-color"}}],"Description":["Sets the background color"]},{"$":{"name":"disabledBackColor","category":"Appearance","type":"Color","default":"transparent"},"StyleElement":[{"$":{"selector":"&.disabled","attribute":"background-color"}}],"Description":["Sets the background color when disabled"]},{"$":{"name":"backGroundGradient","category":"Appearance","type":"Gradient","default":""},"StyleElement":[{"$":{"selector":"&:not(.disabled)","attribute":"@include backGroundGradient('$value')"}}],"Description":["Background as a gradient"]},{"$":{"name":"disabledBackGroundGradient","category":"Appearance","type":"Gradient","default":""},"StyleElement":[{"$":{"selector":"&.disabled","attribute":"@include backGroundGradient('$value')"}}],"Description":["Background as a gradient when disabled"]},{"$":{"name":"chartColor","category":"Appearance","type":"Color","default":"#FFFFFF"},"StyleElement":[{"$":{"selector":"&:not(.disabled) .chart","attribute":"fill"}},{"$":{"selector":"&.breaseChartWidget.editMode:not(.disabled) .areaGraph","attribute":"background-color"}}],"Description":["Color of chart area"]},{"$":{"name":"disabledChartColor","category":"Appearance","type":"Color","default":"#FFFFFF"},"StyleElement":[{"$":{"selector":"&.disabled .chart","attribute":"fill"}},{"$":{"selector":"&.disabled.breaseChartWidget.editMode .areaGraph","attribute":"background-color"}}],"Description":["Color of chart area when disabled"]},{"$":{"name":"chartBorderColor","category":"Appearance","type":"Color","default":"#000000"},"StyleElement":[{"$":{"selector":"&:not(.disabled) .chart","attribute":"stroke"}},{"$":{"selector":"&.breaseChartWidget.editMode:not(.disabled) .areaGraph","attribute":"border-color"}}],"Description":["Color of chart area border"]},{"$":{"name":"disabledChartBorderColor","category":"Appearance","type":"Color","default":"#999999"},"StyleElement":[{"$":{"selector":"&.disabled .chart","attribute":"stroke"}},{"$":{"selector":"&.disabled.breaseChartWidget.editMode .areaGraph","attribute":"border-color"}}],"Description":["Color of chart area border"]},{"$":{"name":"gridColor","category":"Appearance","type":"Color","default":"#DDDDDD"},"StyleElement":[{"$":{"selector":"&:not(.disabled) .gridLines","attribute":"stroke"}}],"Description":["Color of the grid"]},{"$":{"name":"disabledGridColor","category":"Appearance","type":"Color","default":"#EEEEEE"},"StyleElement":[{"$":{"selector":"&.disabled .gridLines","attribute":"stroke"}}],"Description":["Color of the grid when the widget is disabled"]},{"$":{"name":"fontSize","type":"PixelVal","default":"12px","category":"Font"},"StyleElement":[{"$":{"selector":".axis text","attribute":"font-size"}},{"$":{"selector":".containerAxisDescription text","attribute":"font-size"}}],"Description":["Font Size for all texts in Chart"]},{"$":{"name":"fontName","type":"FontName","default":"Arial","category":"Font"},"StyleElement":[{"$":{"selector":".axis text","attribute":"font-family"}},{"$":{"selector":"text","attribute":"font-family"}}],"Description":["Font Name for all texts in Chart"]},{"$":{"name":"borderWidth","type":"PixelValCollection","category":"Appearance","default":"1px"},"StyleElement":[{"$":{"attribute":"border-width"}},{"$":{"selector":"&.disabled","attribute":"border-width"}}],"Description":["Sets the width of the border."]},{"$":{"name":"borderColor","category":"Appearance","type":"ColorCollection","default":"#5B7C70"},"StyleElement":[{"$":{"selector":"&:not(.disabled)","attribute":"border-color"}}],"Description":["Sets the color of the border"]},{"$":{"name":"disabledBorderColor","category":"Appearance","type":"ColorCollection","default":"#C8C8C8"},"StyleElement":[{"$":{"selector":"&.disabled","attribute":"border-color"}}],"Description":["Sets the color of the border when disabled"]},{"$":{"name":"borderStyle","type":"BorderStyle","default":"solid","category":"Appearance"},"StyleElement":[{"$":{"attribute":"border-style"}},{"$":{"selector":"&.disabled","attribute":"border-style"}}],"Description":["Style of the Border of the widget"]}],"$":{}},"propertygroups":{"PropertyGroup":[{"$":{"name":"Size","type":"String","category":"Layout"},"Description":["outer height and width of widget"]},{"$":{"name":"Position","type":"String","category":"Layout"},"Description":["top and left of widget"]}]}}