{"name":"widgets.brease.PDFViewer","type":"widget","meta":{"superClass":"brease.core.BaseWidget","requires":[],"mixins":["widgets.brease.common.DragDropProperties.libs.DroppablePropertiesEvents"],"parents":["*"],"children":[],"inheritance":["widgets.brease.PDFViewer","brease.core.BaseWidget"],"license":"licensed","filePath":"widgets/brease/PDFViewer/PDFViewer.js"},"methods":[{"name":"ClearSrc","originalName":"clearSrc","read":false,"description":"<p>Clears source location of PDF document, and removes it from viewer.</p>\n","iatStudioExposed":true},{"name":"GoToPage","originalName":"goToPage","read":false,"description":"<p>Navigates to a certain page</p>\n","iatStudioExposed":true,"parameter":[{"name":"value","type":"UInteger","index":0,"description":"<p>Navigate to this page.</p>\n","optional":false}]},{"name":"setDocumentZoom","originalName":"setDocumentZoom","read":false,"description":"<p>Sets the zoom value/style for the PDF document.</p>\n","iatStudioExposed":false,"parameter":[{"name":"documentZoom","type":"String","index":0,"description":"\n","optional":false}]},{"name":"setEditable","originalName":"setEditable","read":false,"description":"<p>Sets the state of property «editable»<br/>\nUsed for «editable» binding; method is called exclusevely by the framework</p>\n","iatStudioExposed":false,"parameter":[{"name":"editable","type":"Boolean","index":0,"description":"\n","optional":false},{"name":"metaData","type":"Object","index":1,"description":"\n","optional":false}]},{"name":"SetEnable","originalName":"setEnable","read":false,"description":"<p>Sets the state of property «enable»</p>\n","iatStudioExposed":true,"parameter":[{"name":"value","type":"Boolean","index":0,"description":"\n","optional":false}]},{"name":"setNamedDest","originalName":"setNamedDest","read":false,"description":"<p>Sets the named destination shown initially when document is loaded.</p>\n","iatStudioExposed":false,"parameter":[{"name":"namedDest","type":"String","index":0,"description":"\n","optional":false}]},{"name":"setShowToolbar","originalName":"setShowToolbar","read":false,"description":"<p>Defines whether or not the viewer's toolbar is shown.</p>\n","iatStudioExposed":false,"parameter":[{"name":"showToolbar","type":"Boolean","index":0,"description":"\n","optional":false}]},{"name":"SetSrc","originalName":"setSrc","read":false,"description":"<p>Sets source location of PDF document.</p>\n","iatStudioExposed":true,"parameter":[{"name":"value","type":"String","index":0,"description":"<p>Path of the PDF document, e.g. \"/Media/HelpPDF.pdf\"</p>\n","optional":false,"localizable":"true"}]},{"name":"setStartPage","originalName":"setStartPage","read":false,"description":"<p>Sets the page shown initially when document is loaded.</p>\n","iatStudioExposed":false,"parameter":[{"name":"startPage","type":"UNumber","index":0,"description":"\n","optional":false}]},{"name":"SetStyle","originalName":"setStyle","read":false,"description":"\n","iatStudioExposed":true,"parameter":[{"name":"value","type":"StyleReference","index":0,"description":"\n","optional":false}]},{"name":"setUsePlugin","originalName":"setUsePlugin","read":false,"description":"<p>Sets usePlugin</p>\n","iatStudioExposed":false,"parameter":[{"name":"usePlugin","type":"Boolean","index":0,"description":"\n","optional":false}]},{"name":"SetVisible","originalName":"setVisible","read":false,"description":"<p>Sets the state of property «visible»</p>\n","iatStudioExposed":true,"parameter":[{"name":"value","type":"Boolean","index":0,"description":"\n","optional":false}]},{"name":"ShowTooltip","originalName":"showTooltip","read":false,"description":"\n","iatStudioExposed":true}],"events":[{"name":"EnableChanged","description":"<p>Fired when operability of the widget changes.</p>\n","parameter":[{"name":"value","type":"Boolean","index":0,"description":"<p>operability</p>\n\n\n\n","optional":false}]},{"name":"OnDragEnter","description":"<p>Fired when element has onDragEnter.</p>\n","parameter":[{"name":"contentId","type":"String","index":0,"description":"<p>content id of the widget that has been entering the droppable widget</p>\n","optional":false},{"name":"widgetId","type":"String","index":1,"description":"<p>id of the widget that has been entering the droppable widget</p>\n","optional":false}]},{"name":"OnDragLeave","description":"<p>Fired when element has OnDragLeave.</p>\n","parameter":[{"name":"contentId","type":"String","index":0,"description":"<p>content id of the widget that has been leaving the droppable widget</p>\n","optional":false},{"name":"widgetId","type":"String","index":1,"description":"<p>id of the widget that has been leaving the droppable widget</p>\n","optional":false}]},{"name":"OnDrop","description":"<p>Fired when element has OnDrop.</p>\n","parameter":[{"name":"contentId","type":"String","index":0,"description":"<p>content id of the widget that has been dropped on the droppable widget</p>\n","optional":false},{"name":"widgetId","type":"String","index":1,"description":"<p>id of the widget that has been dropped on the droppable widget</p>\n","optional":false}]},{"name":"VisibleChanged","description":"<p>Fired when the visibility of the widget changes.</p>\n","parameter":[{"name":"value","type":"Boolean","index":0,"description":"<p>visibility</p>\n\n\n\n","optional":false}]}],"properties":[{"name":"documentZoom","type":"String","initOnly":true,"localizable":false,"editableBinding":false,"readOnly":false,"required":false,"owner":"widgets.brease.PDFViewer","projectable":true,"description":"Zoom and scroll factors for the displayed document, in the following format: zoom-value, left-offset, top-offset. Note that scroll factors are optional.\nViewer-specific options apply - please consult help for further details.\n","groupOrder":2,"groupRefId":"pdfOpenParameters","category":"Behavior","defaultValue":"auto"},{"name":"enable","type":"Boolean","initOnly":false,"localizable":false,"editableBinding":false,"readOnly":false,"required":false,"owner":"brease.core.BaseWidget","projectable":true,"description":"Initial option to enable widget.\n","category":"Behavior","defaultValue":"true"},{"name":"namedDest","type":"String","initOnly":true,"localizable":false,"editableBinding":false,"readOnly":false,"required":false,"owner":"widgets.brease.PDFViewer","projectable":true,"description":"Loads the document at the specified named destination.\n","groupOrder":3,"groupRefId":"pdfOpenParameters","category":"Behavior","defaultValue":""},{"name":"permissionOperate","type":"RoleCollection","initOnly":true,"localizable":false,"editableBinding":false,"readOnly":false,"required":false,"owner":"brease.core.BaseWidget","projectable":true,"description":"restricts operability to users, which have given roles\n","category":"Accessibility"},{"name":"permissionView","type":"RoleCollection","initOnly":true,"localizable":false,"editableBinding":false,"readOnly":false,"required":false,"owner":"brease.core.BaseWidget","projectable":true,"description":"restricts visibility to users, which have given roles\n","category":"Accessibility"},{"name":"showToolbar","type":"Boolean","initOnly":true,"localizable":false,"editableBinding":false,"readOnly":false,"required":false,"owner":"widgets.brease.PDFViewer","projectable":true,"description":"Enable the display of the PDF viewer toolbar (limited compatibility).\n","groupOrder":4,"groupRefId":"pdfOpenParameters","category":"Behavior","defaultValue":"false"},{"name":"src","type":"PdfPath","initOnly":false,"localizable":true,"editableBinding":false,"readOnly":false,"required":false,"owner":"widgets.brease.PDFViewer","projectable":true,"description":"Path to the pdf file; a text key may be used.\n","category":"Data","defaultValue":""},{"name":"startPage","type":"UNumber","initOnly":true,"localizable":false,"editableBinding":false,"readOnly":false,"required":false,"owner":"widgets.brease.PDFViewer","projectable":true,"description":"Loads the document on the configured page number.\n","groupOrder":1,"groupRefId":"pdfOpenParameters","category":"Behavior","defaultValue":"0"},{"name":"style","type":"StyleReference","initOnly":false,"localizable":false,"editableBinding":false,"readOnly":false,"required":false,"owner":"brease.core.BaseWidget","projectable":true,"description":"reference to a style for this widget type\n","category":"Appearance","defaultValue":"default"},{"name":"tooltip","type":"String","initOnly":true,"localizable":true,"editableBinding":false,"readOnly":false,"required":false,"owner":"brease.core.BaseWidget","projectable":true,"description":"reference to a tooltip for a widget\n","category":"Appearance","defaultValue":""},{"name":"usePlugin","type":"Boolean","initOnly":true,"localizable":false,"editableBinding":false,"readOnly":false,"required":false,"owner":"widgets.brease.PDFViewer","projectable":true,"description":"If TRUE (default), a javascript plug-in will be used to display the PDF.\nIf FALSE, the browser's embedded PDF viewer will be used to display the document.\nNote: the embedded viewer will typically offer faster performance, but not available on all client platforms.\n","category":"Behavior","defaultValue":"true"},{"name":"visible","type":"Boolean","initOnly":false,"localizable":false,"editableBinding":false,"readOnly":false,"required":false,"owner":"brease.core.BaseWidget","projectable":true,"description":"change visibility\n","category":"Behavior","defaultValue":"true"},{"name":"zIndex","type":"UInteger","description":"The zIndex property specifies the z-order of a widget and its childs.<br/>\r\n        When widgets overlap, z-order determines which one covers the other. A widget with a larger zIndex generally covers a widget with a lower one.<br/>\r\n        The zIndex must be unique within a content.<br/>","initOnly":true,"required":true,"readOnly":false,"projectable":true,"owner":"brease.core.BaseWidget","hide":false,"cssProp":true},{"name":"left","type":"Integer","description":"absolute position measured from left boundary of parent container","initOnly":true,"required":false,"readOnly":false,"projectable":true,"owner":"brease.core.BaseWidget","hide":false,"cssProp":true},{"name":"top","type":"Integer","description":"absolute position measured from top boundary of parent container","initOnly":true,"required":false,"readOnly":false,"projectable":true,"owner":"brease.core.BaseWidget","hide":false,"cssProp":true},{"name":"height","type":"Size","defaultValue":"320","description":"outer height of widget","initOnly":true,"required":false,"readOnly":false,"projectable":true,"owner":"widgets.brease.PDFViewer","hide":false,"cssProp":true},{"name":"width","type":"Size","defaultValue":"240","description":"outer width of widget","initOnly":true,"required":false,"readOnly":false,"projectable":true,"owner":"widgets.brease.PDFViewer","hide":false,"cssProp":true}],"dependencies":{"files":["brease/core/BaseWidget.js","brease/events/BreaseEvent.js","widgets/brease/PDFViewer/libs/external/pdfobject/pdfobject.js","brease/config.js","brease/controller/PopUpManager.js","brease/decorators/LanguageDependency.js","brease/controller/KeyboardManager.js","brease/decorators/DragAndDropCapability.js"],"widgets":["widgets/brease/PDFViewer/PDFViewer.js"]},"categories":{"Category":["Media"],"IO":["Output"],"Appliance":["Text"],"Performance":["Medium","High"]},"descriptions":{"short":"PDF Dokument anzeigen","de":"Zeigt ein PDF Dokument und erlaubt dem Benutzer eine Bedienung des Dokuments","en":"Displays a PDF document and allows an user interaction with the document"},"superproperties":{"id":{"type":"WidgetId"},"enable":{"type":"Boolean"},"permissionOperate":{"type":"RoleCollection"},"permissionView":{"type":"RoleCollection"},"style":{"type":"StyleReference"},"tooltip":{"type":"String"},"visible":{"type":"Boolean"},"zIndex":{"type":"UInteger"},"left":{"type":"Integer"},"top":{"type":"Integer"},"height":{"type":"AutoSize"},"width":{"type":"AutoSize"}},"styleproperties":{"StyleProperty":[{"$":{"name":"borderWidth","category":"Appearance","type":"PixelValCollection","default":"0px"},"StyleElement":[{"$":{"attribute":"border-width"}}],"Description":["Sets the width of the border."]},{"$":{"name":"borderColor","category":"Appearance","type":"ColorCollection","default":"#FFF"},"StyleElement":[{"$":{"attribute":"border-color"}}],"Description":["Sets the border color"]},{"$":{"name":"borderStyle","category":"Appearance","type":"BorderStyle","default":"solid"},"StyleElement":[{"$":{"attribute":"border-style"}}],"Description":["Style of the Border of the widget"]},{"$":{"name":"cornerRadius","type":"PixelValCollection","category":"Appearance","default":"0px"},"StyleElement":[{"$":{"attribute":"@include border-radius($value)"}}],"Description":["Sets the radius of the widget rounded corners."]},{"$":{"name":"padding","category":"Layout","type":"Padding","default":"0 10px"},"StyleElement":[{"$":{"attribute":"padding"}}],"Description":["Padding of the Widget"]},{"$":{"name":"margin","category":"Layout","type":"Margin","default":"0px"},"StyleElement":[{"$":{"attribute":"margin"}}],"Description":["Margin of the Widget"]},{"$":{"name":"opacity","category":"Appearance","type":"Opacity","default":"1"},"StyleElement":[{"$":{"attribute":"opacity"}}],"Description":["Opacity of the widget"]},{"$":{"name":"rotation","category":"Appearance","type":"Rotation","default":"0deg"},"StyleElement":[{"$":{"attribute":"@include rotate($value)"}}],"Description":["Rotation of widget."]}],"$":{}},"propertygroups":{"PropertyGroup":[{"$":{"name":"Size","type":"String","category":"Layout"},"Description":["outer height and width of widget"]},{"$":{"name":"Position","type":"String","category":"Layout"},"Description":["top and left of widget"]},{"$":{"name":"pdfOpenParameters","type":"String","category":"Behavior"},"Description":["Parameters applied initially to the PDF document."]}]}}