{"name":"widgets.brease.NumericInput","type":"widget","meta":{"superClass":"brease.core.BaseWidget","requires":[],"mixins":["widgets.brease.common.DragDropProperties.libs.DraggablePropertiesEvents","widgets.brease.common.DragDropProperties.libs.DroppablePropertiesEvents"],"parents":["*"],"children":[],"inheritance":["widgets.brease.NumericInput","brease.core.BaseWidget"],"filePath":"widgets/brease/NumericInput/NumericInput.js"},"methods":[{"name":"GetValue","originalName":"getValue","read":true,"description":"<p>Gets value which is displayed in the widget.</p>\n","iatStudioExposed":true,"result":{"name":"return","type":"Number","description":"<p>value</p>\n"}},{"name":"setEditable","originalName":"setEditable","read":false,"description":"<p>Sets the state of property «editable»<br/>\nUsed for «editable» binding; method is called exclusevely by the framework</p>\n","iatStudioExposed":false,"parameter":[{"name":"editable","type":"Boolean","index":0,"description":"\n","optional":false},{"name":"metaData","type":"Object","index":1,"description":"\n","optional":false}]},{"name":"setEllipsis","originalName":"setEllipsis","read":false,"description":"<p>Sets if a text that is too long should be symbolized using ellipsis points.</p>\n","iatStudioExposed":false,"parameter":[{"name":"ellipsis","type":"Boolean","index":0,"description":"\n","optional":false}]},{"name":"SetEnable","originalName":"setEnable","read":false,"description":"<p>Sets the state of property «enable»</p>\n","iatStudioExposed":true,"parameter":[{"name":"value","type":"Boolean","index":0,"description":"\n","optional":false}]},{"name":"setFormat","originalName":"setFormat","read":false,"description":"<p>Sets the number format for the widget.</p>\n","iatStudioExposed":false,"parameter":[{"name":"format","type":"brease.config.MeasurementSystemFormat","index":0,"description":"\n","optional":false}]},{"name":"setKeyboard","originalName":"setKeyboard","read":false,"description":"<p>Sets if the standard keyboard is used for entries.</p>\n","iatStudioExposed":false,"parameter":[{"name":"keyboard","type":"Boolean","index":0,"description":"\n","optional":false}]},{"name":"setLimitViolationPolicy","originalName":"setLimitViolationPolicy","read":false,"description":"<p>Sets the behavior in case of a value range violation</p>\n","iatStudioExposed":false,"parameter":[{"name":"limitViolationPolicy","type":"brease.enum.LimitViolationPolicy","index":0,"description":"\n","optional":false}]},{"name":"setMaxValue","originalName":"setMaxValue","read":false,"description":"<p>Sets the maximum permissible value for value binding.</p>\n","iatStudioExposed":false,"parameter":[{"name":"maxValue","type":"Number","index":0,"description":"\n","optional":false}]},{"name":"setMinValue","originalName":"setMinValue","read":false,"description":"<p>Sets the minimum permissible value for value binding.</p>\n","iatStudioExposed":false,"parameter":[{"name":"minValue","type":"Number","index":0,"description":"<p>The minValue to be set</p>\n","optional":false}]},{"name":"setNode","originalName":"setNode","read":false,"description":"<p>Sets value with unit for node binding.</p>\n","iatStudioExposed":false,"parameter":[{"name":"node","type":"brease.datatype.Node","index":0,"description":"<p>The node to be set</p>\n","optional":false}]},{"name":"setNumPadStyle","originalName":"setNumPadStyle","read":false,"description":"<p>Sets reference to a customizable numeric pad style.</p>\n","iatStudioExposed":false,"parameter":[{"name":"numPadStyle","type":"String","index":0,"description":"\n","optional":false}]},{"name":"setNumpadPosition","originalName":"setNumpadPosition","read":false,"description":"<p>Sets the position of the number pad, relative to the widget.</p>\n","iatStudioExposed":false,"parameter":[{"name":"numpadPosition","type":"brease.enum.Position","index":0,"description":"\n","optional":false}]},{"name":"setReadonly","originalName":"setReadonly","read":false,"description":"<p>Sets whether the widget is readonly or not.</p>\n","iatStudioExposed":false,"parameter":[{"name":"value","type":"Boolean","index":0,"description":"<p>The readonly value to be set</p>\n","optional":false}]},{"name":"setShowUnit","originalName":"setShowUnit","read":false,"description":"<p>Sets whether the unit should be displayed.</p>\n","iatStudioExposed":false,"parameter":[{"name":"showUnit","type":"Boolean","index":0,"description":"\n","optional":false}]},{"name":"SetStyle","originalName":"setStyle","read":false,"description":"\n","iatStudioExposed":true,"parameter":[{"name":"value","type":"StyleReference","index":0,"description":"\n","optional":false}]},{"name":"setSubmitOnChange","originalName":"setSubmitOnChange","read":false,"description":"<p>Sets if changes, such as entry of a different value, should be submitted to the server immediately.</p>\n","iatStudioExposed":false,"parameter":[{"name":"submitOnChange","type":"Boolean","index":0,"description":"<p>The submitOnChange value to be set</p>\n","optional":false}]},{"name":"setUnit","originalName":"setUnit","read":false,"description":"<p>Sets the unit format for the widget.</p>\n","iatStudioExposed":false,"parameter":[{"name":"unit","type":"brease.config.MeasurementSystemUnit","index":0,"description":"<p>The unit value to be set</p>\n","optional":false}]},{"name":"setUnitAlign","originalName":"setUnitAlign","read":false,"description":"<p>Sets the position of the unit.</p>\n","iatStudioExposed":false,"parameter":[{"name":"unitAlign","type":"brease.enum.ImageAlign","index":0,"description":"<p>The unitAlign value to be set</p>\n","optional":false}]},{"name":"setUnitTextAlign","originalName":"setUnitTextAlign","read":false,"description":"<p>Sets unitTextAlign</p>\n","iatStudioExposed":false,"parameter":[{"name":"unitTextAlign","type":"brease.enum.TextAlign","index":0,"description":"\n","optional":false}]},{"name":"setUnitWidth","originalName":"setUnitWidth","read":false,"description":"<p>Sets the minimum width of the unit's area.</p>\n","iatStudioExposed":false,"parameter":[{"name":"value","type":"Size","index":0,"description":"<p>The unitWidth value to be set</p>\n","optional":false}]},{"name":"setUseDigitGrouping","originalName":"setUseDigitGrouping","read":false,"description":"<p>Sets whether number grouping should take place.</p>\n","iatStudioExposed":false,"parameter":[{"name":"useDigitGrouping","type":"Boolean","index":0,"description":"<p>The useDigitGrouping value to be set</p>\n","optional":false}]},{"name":"SetValue","originalName":"setValue","read":false,"description":"<p>Sets value which is displayed in the widget.</p>\n","iatStudioExposed":true,"parameter":[{"name":"value","type":"Number","index":0,"description":"<p>The value to be set</p>\n","optional":false}]},{"name":"SetVisible","originalName":"setVisible","read":false,"description":"<p>Sets the state of property «visible»</p>\n","iatStudioExposed":true,"parameter":[{"name":"value","type":"Boolean","index":0,"description":"\n","optional":false}]},{"name":"ShowTooltip","originalName":"showTooltip","read":false,"description":"\n","iatStudioExposed":true},{"name":"SubmitChange","originalName":"submitChange","read":false,"description":"<p>Send value to the server, if binding for this widget exists.<br/>\nUsage of this method will only make sense, if submitOnChange=false, as otherwise changes are submitted automatically.</p>\n","iatStudioExposed":true}],"events":[{"name":"Click","description":"<p>Fired when element is clicked on.</p>\n","parameter":[{"name":"origin","type":"String","index":0,"description":"<p>id of widget that triggered this event</p>\n\n\n\n","optional":false},{"name":"horizontalPos","type":"String","index":1,"description":"<p>horizontal position of click in pixel i.e '10px'</p>\n\n\n\n","optional":false},{"name":"verticalPos","type":"String","index":2,"description":"<p>vertical position of click in pixel i.e '10px'</p>\n\n\n\n","optional":false}]},{"name":"DisabledClick","description":"<p>Fired when disabled element is clicked on.</p>\n","parameter":[{"name":"origin","type":"String","index":0,"description":"<p>id of widget that triggered this event</p>\n","optional":false},{"name":"hasPermission","type":"Boolean","index":1,"description":"<p>defines if the state is caused due to missing</p>\n","optional":false},{"name":"horizontalPos","type":"String","index":2,"description":"<p>horizontal position of click in pixel i.e '10px'</p>\n","optional":false},{"name":"verticalPos","type":"String","index":3,"description":"<p>vertical position of click in pixel i.e '10px'\nroles of the current user</p>\n","optional":false}]},{"name":"EnableChanged","description":"<p>Fired when operability of the widget changes.</p>\n","parameter":[{"name":"value","type":"Boolean","index":0,"description":"<p>operability</p>\n\n\n\n","optional":false}]},{"name":"OnDragEnd","description":"<p>Fired when element has OnDragEnd.</p>\n","parameter":[{"name":"contentId","type":"String","index":0,"description":"<p>content id of the widget where the drag operation has ended</p>\n","optional":false},{"name":"widgetId","type":"String","index":1,"description":"<p>id of the widget where the drag operation has ended</p>\n","optional":false}]},{"name":"OnDragEnter","description":"<p>Fired when element has onDragEnter.</p>\n","parameter":[{"name":"contentId","type":"String","index":0,"description":"<p>content id of the widget that has been entering the droppable widget</p>\n","optional":false},{"name":"widgetId","type":"String","index":1,"description":"<p>id of the widget that has been entering the droppable widget</p>\n","optional":false}]},{"name":"OnDragLeave","description":"<p>Fired when element has OnDragLeave.</p>\n","parameter":[{"name":"contentId","type":"String","index":0,"description":"<p>content id of the widget that has been leaving the droppable widget</p>\n","optional":false},{"name":"widgetId","type":"String","index":1,"description":"<p>id of the widget that has been leaving the droppable widget</p>\n","optional":false}]},{"name":"OnDragStart","description":"<p>Fired when element has OnDragStart.</p>\n","parameter":[{"name":"contentId","type":"String","index":0,"description":"<p>content id of the widget where the drag operation has been started</p>\n","optional":false},{"name":"widgetId","type":"String","index":1,"description":"<p>id of the widget where the drag operation has been started</p>\n","optional":false}]},{"name":"OnDrop","description":"<p>Fired when element has OnDrop.</p>\n","parameter":[{"name":"contentId","type":"String","index":0,"description":"<p>content id of the widget that has been dropped on the droppable widget</p>\n","optional":false},{"name":"widgetId","type":"String","index":1,"description":"<p>id of the widget that has been dropped on the droppable widget</p>\n","optional":false}]},{"name":"ValueChanged","description":"\n","parameter":[{"name":"value","type":"Number","index":0,"description":"<p>Fired when index changes.</p>\n","optional":false}]},{"name":"VisibleChanged","description":"<p>Fired when the visibility of the widget changes.</p>\n","parameter":[{"name":"value","type":"Boolean","index":0,"description":"<p>visibility</p>\n\n\n\n","optional":false}]}],"properties":[{"name":"draggable","type":"Boolean","initOnly":true,"localizable":false,"editableBinding":false,"readOnly":false,"required":false,"owner":"widgets.brease.common.DragDropProperties.libs.DraggablePropertiesEvents","projectable":true,"description":"Make widget draggable.\n","category":"Behavior","defaultValue":"false"},{"name":"ellipsis","type":"Boolean","initOnly":true,"localizable":false,"editableBinding":false,"readOnly":false,"required":false,"owner":"widgets.brease.NumericInput","projectable":true,"description":"If true, overflow of text is symbolized with an ellipsis.","category":"Behavior","defaultValue":"false"},{"name":"enable","type":"Boolean","initOnly":false,"localizable":false,"editableBinding":false,"readOnly":false,"required":false,"owner":"brease.core.BaseWidget","projectable":true,"description":"Initial option to enable widget.\n","category":"Behavior","defaultValue":"true"},{"name":"format","type":"brease.config.MeasurementSystemFormat","initOnly":false,"localizable":false,"editableBinding":false,"readOnly":false,"required":false,"owner":"widgets.brease.NumericInput","projectable":true,"description":"<a href=\"#!/api/brease.config.NumberFormat\" rel=\"brease.config.NumberFormat\" class=\"docClass\">brease.config.NumberFormat</a> for every measurement system.\nRead more about <a href=\"../FAQ/FormatNumber.html\">Number Formats</a>","category":"Appearance","defaultValue":"{&apos;metric&apos;:{ &apos;decimalPlaces&apos; : 1, &apos;minimumIntegerDigits&apos; : 1 }, &apos;imperial&apos; :{ &apos;decimalPlaces&apos; : 1, &apos;minimumIntegerDigits&apos; : 1 }, &apos;imperial-us&apos; :{ &apos;decimalPlaces&apos; : 1, &apos;minimumIntegerDigits&apos; : 1 }}"},{"name":"keyboard","type":"Boolean","initOnly":true,"localizable":false,"editableBinding":false,"readOnly":false,"required":false,"owner":"widgets.brease.NumericInput","projectable":true,"description":"Determines if internal soft keyboard (=NumPad) should open","category":"Behavior","defaultValue":"true"},{"name":"limitViolationPolicy","type":"brease.enum.LimitViolationPolicy","initOnly":true,"localizable":false,"editableBinding":false,"readOnly":false,"required":false,"owner":"widgets.brease.NumericInput","projectable":true,"description":"Controls behavior in case of a limit violation.","category":"Behavior","defaultValue":"noSubmit"},{"name":"maxValue","type":"Number","initOnly":true,"localizable":false,"editableBinding":false,"readOnly":false,"required":false,"owner":"widgets.brease.NumericInput","projectable":true,"description":"Sets the maximum value for the input. If value node binding is used for the value, then this property is overriden by OPC UA max value.","category":"Behavior","defaultValue":"100"},{"name":"minValue","type":"Number","initOnly":true,"localizable":false,"editableBinding":false,"readOnly":false,"required":false,"owner":"widgets.brease.NumericInput","projectable":true,"description":"Sets the minimum value for the input. If value node binding is used for the value, then this property is overriden by OPC UA min value.","category":"Behavior","defaultValue":"0"},{"name":"node","type":"brease.datatype.Node","initOnly":false,"localizable":false,"editableBinding":true,"readOnly":false,"required":false,"owner":"widgets.brease.NumericInput","projectable":true,"description":"Value with unit for node binding.","category":"Data","defaultValue":""},{"name":"numPadStyle","type":"StyleReference","initOnly":true,"localizable":false,"editableBinding":false,"readOnly":false,"required":false,"owner":"widgets.brease.NumericInput","projectable":true,"description":"Style of the related NumPad","category":"Appearance","typeRefId":"widgets.brease.NumPad","defaultValue":"default"},{"name":"numpadPosition","type":"brease.enum.Position","initOnly":true,"localizable":false,"editableBinding":false,"readOnly":false,"required":false,"owner":"widgets.brease.NumericInput","projectable":true,"description":"Determines the position of the NumPad relative to the input field.","category":"Appearance","defaultValue":"right"},{"name":"permissionOperate","type":"RoleCollection","initOnly":true,"localizable":false,"editableBinding":false,"readOnly":false,"required":false,"owner":"brease.core.BaseWidget","projectable":true,"description":"restricts operability to users, which have given roles\n","category":"Accessibility"},{"name":"permissionView","type":"RoleCollection","initOnly":true,"localizable":false,"editableBinding":false,"readOnly":false,"required":false,"owner":"brease.core.BaseWidget","projectable":true,"description":"restricts visibility to users, which have given roles\n","category":"Accessibility"},{"name":"showUnit","type":"Boolean","initOnly":true,"localizable":false,"editableBinding":false,"readOnly":false,"required":false,"owner":"widgets.brease.NumericInput","projectable":true,"description":"Determines if the unit should be displayed","category":"Behavior","defaultValue":"true"},{"name":"style","type":"StyleReference","initOnly":false,"localizable":false,"editableBinding":false,"readOnly":false,"required":false,"owner":"brease.core.BaseWidget","projectable":true,"description":"reference to a style for this widget type\n","category":"Appearance","defaultValue":"default"},{"name":"submitOnChange","type":"Boolean","initOnly":true,"localizable":false,"editableBinding":false,"readOnly":false,"required":false,"owner":"widgets.brease.NumericInput","projectable":true,"description":"Determines if changes, triggered by user input, should be sent immediately to the server.<br/>","category":"Behavior","defaultValue":"true"},{"name":"tooltip","type":"String","initOnly":true,"localizable":true,"editableBinding":false,"readOnly":false,"required":false,"owner":"brease.core.BaseWidget","projectable":true,"description":"reference to a tooltip for a widget\n","category":"Appearance","defaultValue":""},{"name":"unit","type":"brease.config.MeasurementSystemUnit","initOnly":false,"localizable":false,"editableBinding":false,"readOnly":false,"required":false,"owner":"widgets.brease.NumericInput","projectable":true,"description":"unit code for every measurement system","category":"Appearance","defaultValue":""},{"name":"unitAlign","type":"brease.enum.ImageAlign","initOnly":true,"localizable":false,"editableBinding":false,"readOnly":false,"required":false,"owner":"widgets.brease.NumericInput","projectable":true,"description":"alignment of unit label; supported values [\"left\"/\"right\"]","category":"Appearance","defaultValue":"left"},{"name":"unitTextAlign","type":"brease.enum.TextAlign","initOnly":true,"localizable":false,"editableBinding":false,"readOnly":false,"required":false,"owner":"widgets.brease.NumericInput","projectable":true,"description":"Defines the position of the unitText.","category":"Appearance","defaultValue":"center"},{"name":"unitWidth","type":"Size","initOnly":true,"localizable":false,"editableBinding":false,"readOnly":false,"required":false,"owner":"widgets.brease.NumericInput","projectable":true,"description":"Width of unit area.","category":"Appearance","defaultValue":"0"},{"name":"useDigitGrouping","type":"Boolean","initOnly":true,"localizable":false,"editableBinding":false,"readOnly":false,"required":false,"owner":"widgets.brease.NumericInput","projectable":true,"description":"Determines if digit grouping should be used","category":"Behavior","defaultValue":"true"},{"name":"value","type":"Number","initOnly":false,"localizable":false,"editableBinding":true,"readOnly":false,"required":false,"owner":"widgets.brease.NumericInput","projectable":true,"description":"Initial visible value of input field as a number","nodeRefId":["node"],"category":"Data","defaultValue":"0"},{"name":"visible","type":"Boolean","initOnly":false,"localizable":false,"editableBinding":false,"readOnly":false,"required":false,"owner":"brease.core.BaseWidget","projectable":true,"description":"change visibility\n","category":"Behavior","defaultValue":"true"},{"name":"zIndex","type":"UInteger","description":"The zIndex property specifies the z-order of a widget and its childs.<br/>\r\n        When widgets overlap, z-order determines which one covers the other. A widget with a larger zIndex generally covers a widget with a lower one.<br/>\r\n        The zIndex must be unique within a content.<br/>","initOnly":true,"required":true,"readOnly":false,"projectable":true,"owner":"brease.core.BaseWidget","hide":false,"cssProp":true},{"name":"left","type":"Integer","description":"absolute position measured from left boundary of parent container","initOnly":true,"required":false,"readOnly":false,"projectable":true,"owner":"brease.core.BaseWidget","hide":false,"cssProp":true},{"name":"top","type":"Integer","description":"absolute position measured from top boundary of parent container","initOnly":true,"required":false,"readOnly":false,"projectable":true,"owner":"brease.core.BaseWidget","hide":false,"cssProp":true},{"name":"height","type":"Size","defaultValue":"30","description":"outer height of widget","initOnly":true,"required":false,"readOnly":false,"projectable":true,"owner":"widgets.brease.NumericInput","hide":false,"cssProp":true},{"name":"width","type":"Size","defaultValue":"100","description":"outer width of widget","initOnly":true,"required":false,"readOnly":false,"projectable":true,"owner":"widgets.brease.NumericInput","hide":false,"cssProp":true}],"dependencies":{"files":["brease/core/BaseWidget.js","brease/decorators/LanguageDependency.js","brease/decorators/MeasurementSystemDependency.js","brease/enum/Enum.js","brease/core/Types.js","brease/datatype/Node.js","brease/controller/KeyboardManager.js","brease/events/BreaseEvent.js","brease/config/NumberFormat.js","widgets/brease/NumericInput/libs/Config.js","brease/core/Utils.js","widgets/brease/common/libs/BoxLayout.js","brease/decorators/DragAndDropCapability.js","widgets/brease/common/DragDropProperties/libs/DroppablePropertiesEvents.js","widgets/brease/common/DragDropProperties/libs/DraggablePropertiesEvents.js"],"widgets":["widgets/brease/NumericInput/NumericInput.js"]},"categories":{"Category":["Numeric"]},"descriptions":{"short":"Eingabe eines Wertes","de":"Ermöglicht dem Benutzer einen numerischen Wert einzugeben","en":"Enables the user to enter a numeric value"},"superproperties":{"id":{"type":"WidgetId"},"enable":{"type":"Boolean"},"permissionOperate":{"type":"RoleCollection"},"permissionView":{"type":"RoleCollection"},"style":{"type":"StyleReference"},"tooltip":{"type":"String"},"visible":{"type":"Boolean"},"zIndex":{"type":"UInteger"},"left":{"type":"Integer"},"top":{"type":"Integer"},"height":{"type":"AutoSize"},"width":{"type":"AutoSize"}},"styleproperties":{"StyleProperty":[{"$":{"name":"borderWidth","category":"Appearance","type":"PixelValCollection","default":"2px 6px 2px 2px"},"StyleElement":[{"$":{"selector":"&:not(.active):not(.disabled)","attribute":"border-width"}}],"Description":["Sets the border width of the widget. For further information, please see its type"]},{"$":{"name":"activeBorderWidth","category":"Appearance","type":"PixelValCollection","default":"2px 6px 2px 2px"},"StyleElement":[{"$":{"selector":"&.active:not(.disabled)","attribute":"border-width"}}],"Description":["Sets the border width of the widget while writing in. For further information, please see its type"]},{"$":{"name":"disabledBorderWidth","category":"Appearance","type":"PixelValCollection","default":"2px 6px 2px 2px"},"StyleElement":[{"$":{"selector":"&.disabled","attribute":"border-width"}}],"Description":["Sets the border width of the widget when disbaled. For further information, please see its type"]},{"$":{"name":"cornerRadius","category":"Appearance","type":"PixelValCollection","default":"0px"},"StyleElement":[{"$":{"attribute":"@include border-radius($value)"}}],"Description":["Sets the radius of the widget rounded corners. For further information, please see its type"]},{"$":{"name":"backColor","category":"Appearance","type":"Color","default":"#FFFFFF"},"StyleElement":[{"$":{"selector":"&:not(.disabled):not(.active)","attribute":"background-color"}}],"Description":["Sets the background color of the widget"]},{"$":{"name":"disabledBackColor","category":"Appearance","type":"Color","default":"#F1F1F1"},"StyleElement":[{"$":{"selector":"&.disabled","attribute":"background-color"}}],"Description":["Sets the background color of the widget when disabled"]},{"$":{"name":"backGroundGradient","category":"Appearance","type":"Gradient","default":""},"StyleElement":[{"$":{"selector":"&:not(.disabled)","attribute":"@include backGroundGradient('$value')"}}],"Description":["Background as a gradient"]},{"$":{"name":"disabledBackGroundGradient","category":"Appearance","type":"Gradient","default":""},"StyleElement":[{"$":{"selector":"&.disabled","attribute":"@include backGroundGradient('$value')"}}],"Description":["Background as a gradient"]},{"$":{"name":"borderColor","category":"Appearance","type":"ColorCollection","default":"#555555"},"StyleElement":[{"$":{"selector":"&:not(.disabled):not(.active)","attribute":"border-color"}}],"Description":["Sets the border color of the widget. For further information, please see its type"]},{"$":{"name":"disabledBorderColor","category":"Appearance","type":"ColorCollection","default":"#C8C8C8"},"StyleElement":[{"$":{"selector":"&.disabled","attribute":"border-color"}}],"Description":["Sets the border color of the widget when disabled. For further information, please see its type"]},{"$":{"name":"activeBorderColor","category":"Appearance","type":"ColorCollection","default":"#FF8800"},"StyleElement":[{"$":{"selector":"&.active:not(.disabled)","attribute":"border-color"}}],"Description":["Sets the border color of the widget while writing in. For further information, please see its type"]},{"$":{"name":"activeBackColor","category":"Appearance","type":"Color","default":"#F1F1F1"},"StyleElement":[{"$":{"selector":"&.active:not(.disabled)","attribute":"background-color"}}],"Description":["Sets the background color of the widget while writing in"]},{"$":{"name":"activeTextColor","category":"Appearance","type":"Color","default":"#000000"},"StyleElement":[{"$":{"selector":"&.active:not(.disabled) input","attribute":"color"}},{"$":{"selector":"&.active:not(.disabled) span.breaseNumericInput_unit","attribute":"color"}}],"Description":["Sets the color of the displayed text while writing"]},{"$":{"name":"borderStyle","category":"Appearance","type":"BorderStyle","default":"solid"},"StyleElement":[{"$":{"selector":"","attribute":"border-style"}},{"$":{"selector":"&.disabled","attribute":"border-style"}}],"Description":["Sets the border style of the widget. For further information, please see its type"]},{"$":{"name":"textColor","category":"Appearance","type":"Color","default":"#000000"},"StyleElement":[{"$":{"selector":"&:not(.disabled):not(.active) input","attribute":"color"}},{"$":{"selector":"&:not(.disabled):not(.active) span.breaseNumericInput_unit","attribute":"color"}}],"Description":["Sets the color of the displayed text"]},{"$":{"name":"disabledTextColor","category":"Appearance","type":"Color","default":"#C8C8C8"},"StyleElement":[{"$":{"selector":"&.disabled input","attribute":"color"}},{"$":{"selector":"&.disabled span.breaseNumericInput_unit","attribute":"color"}}],"Description":["Sets the color of the displayed text when the widget is disabled"]},{"$":{"name":"textAlign","category":"Appearance","type":"brease.enum.TextAlign","default":"right"},"StyleElement":[{"$":{"selector":"input","attribute":"@include text-alignment($value)"}}],"Description":["Sets the alignment of the displayed text. For further information, please see its type"]},{"$":{"name":"opacity","category":"Appearance","type":"Opacity","default":"1"},"StyleElement":[{"$":{"attribute":"opacity"}}],"Description":["Sets the opacity of the widget"]},{"$":{"name":"fontName","category":"Font","type":"FontName","default":"Arial"},"StyleElement":[{"$":{"selector":"input","attribute":"font-family"}}],"Description":["Sets the font name of the displayed text"]},{"$":{"name":"fontSize","category":"Font","type":"PixelVal","default":"20px"},"StyleElement":[{"$":{"selector":"input","attribute":"font-size"}}],"Description":["Sets the font size of the displayed text"]},{"$":{"name":"unitFontSize","category":"Font","type":"PixelVal","default":"14px"},"StyleElement":[{"$":{"selector":".breaseNumericInput_unit","attribute":"font-size"}}],"Description":["Sets the font size of the possible unit displayed"]},{"$":{"name":"rotation","category":"Appearance","type":"Rotation","default":"0deg"},"StyleElement":[{"$":{"attribute":"@include rotate($value)"}}],"Description":["Sets the rotation of the widget with respect to its center. Positive values for clockwise direction"]},{"$":{"name":"bold","category":"Font","type":"Boolean","default":"true"},"StyleElement":[{"$":{"selector":"input","attribute":"@include font-weight-bold($value)"}}],"Description":["Sets the bold property of the displayed text"]},{"$":{"name":"italic","category":"Font","type":"Boolean","default":"false"},"StyleElement":[{"$":{"selector":"input","attribute":"@include font-style-italic($value)"}}],"Description":["Sets the italic property of the displayed text"]},{"$":{"name":"shadow","category":"Appearance","type":"Shadow","default":"none"},"StyleElement":[{"$":{"attribute":"@include box-shadow($value)"}}],"Description":["Sets the shadow effect of the widget. For further information, please see its type"]},{"$":{"name":"padding","category":"Layout","type":"Padding","default":"0 15px 0 15px"},"StyleElement":[{"$":{"attribute":"padding"}}],"Description":["ets a space around the displayed text. For further information, please see its type"]},{"$":{"name":"margin","category":"Layout","type":"Margin","default":"0px"},"StyleElement":[{"$":{"attribute":"margin"}}],"Description":["Sets a space around the widget. For further information, please see its type"]}],"$":{}},"propertygroups":{"PropertyGroup":[{"$":{"name":"Size","type":"String","category":"Layout"},"Description":["outer height and width of widget"]},{"$":{"name":"Position","type":"String","category":"Layout"},"Description":["top and left of widget"]}]}}