{"name":"widgets.brease.TextInput","type":"widget","meta":{"superClass":"brease.core.BaseWidget","requires":[],"mixins":["widgets.brease.common.DragDropProperties.libs.DraggablePropertiesEvents","widgets.brease.common.DragDropProperties.libs.DroppablePropertiesEvents"],"parents":["*"],"children":[],"inheritance":["widgets.brease.TextInput","brease.core.BaseWidget"],"filePath":"widgets/brease/TextInput/TextInput.js"},"methods":[{"name":"GetValue","originalName":"getValue","read":true,"description":"<p>Gets the visible text</p>\n","iatStudioExposed":true,"result":{"name":"return","type":"String","description":"<p>The current value</p>\n"}},{"name":"setData","originalName":"setData","read":false,"description":"<p>Sets the visible text via an object</p>\n","iatStudioExposed":false,"parameter":[{"name":"data","type":"Object","index":0,"description":"<p>The data object with new value and maxLength</p>\n","optional":false}]},{"name":"setEditable","originalName":"setEditable","read":false,"description":"<p>Sets the state of property «editable»<br/>\nUsed for «editable» binding; method is called exclusevely by the framework</p>\n","iatStudioExposed":false,"parameter":[{"name":"editable","type":"Boolean","index":0,"description":"\n","optional":false},{"name":"metaData","type":"Object","index":1,"description":"\n","optional":false}]},{"name":"setEllipsis","originalName":"setEllipsis","read":false,"description":"<p>Sets ellispsis</p>\n","iatStudioExposed":false,"parameter":[{"name":"ellipsis","type":"Boolean","index":0,"description":"<p>The ellipsis property value</p>\n","optional":false}]},{"name":"SetEnable","originalName":"setEnable","read":false,"description":"<p>Sets the state of property «enable»</p>\n","iatStudioExposed":true,"parameter":[{"name":"value","type":"Boolean","index":0,"description":"\n","optional":false}]},{"name":"setKeyboard","originalName":"setKeyboard","read":false,"description":"<p>Sets keyboard</p>\n","iatStudioExposed":false,"parameter":[{"name":"keyboard","type":"Boolean","index":0,"description":"<p>The keyboard property value</p>\n","optional":false}]},{"name":"setMaxLength","originalName":"setMaxLength","read":false,"description":"<p>Sets maxLength</p>\n","iatStudioExposed":false,"parameter":[{"name":"maxLength","type":"Integer","index":0,"description":"<p>The maximum length of the value</p>\n","optional":false}]},{"name":"setPlaceholder","originalName":"setPlaceholder","read":false,"description":"<p>Sets a short hint that describes the expected value of the input field</p>\n","iatStudioExposed":false,"parameter":[{"name":"placeholder","type":"String","index":0,"description":"<p>The placeholder property value</p>\n","optional":false}]},{"name":"SetStyle","originalName":"setStyle","read":false,"description":"\n","iatStudioExposed":true,"parameter":[{"name":"value","type":"StyleReference","index":0,"description":"\n","optional":false}]},{"name":"setSubmitOnChange","originalName":"setSubmitOnChange","read":false,"description":"<p>Sets submitOnChange</p>\n","iatStudioExposed":false,"parameter":[{"name":"submitOnChange","type":"Boolean","index":0,"description":"<p>The submitOnChange property value</p>\n","optional":false}]},{"name":"SetValue","originalName":"setValue","read":false,"description":"<p>sets the visible text</p>\n","iatStudioExposed":true,"parameter":[{"name":"value","type":"String","index":0,"description":"<p>The new value</p>\n","optional":false}]},{"name":"SetVisible","originalName":"setVisible","read":false,"description":"<p>Sets the state of property «visible»</p>\n","iatStudioExposed":true,"parameter":[{"name":"value","type":"Boolean","index":0,"description":"\n","optional":false}]},{"name":"ShowTooltip","originalName":"showTooltip","read":false,"description":"\n","iatStudioExposed":true},{"name":"SubmitChange","originalName":"submitChange","read":false,"description":"<p>Send value to the server, if binding for this widget exists.<br/>\nUsage of this method will only make sense, if submitOnChange=false, as otherwise changes are submitted automatically.</p>\n","iatStudioExposed":true}],"events":[{"name":"Click","description":"<p>Fired when element is clicked on.</p>\n","parameter":[{"name":"origin","type":"String","index":0,"description":"<p>id of widget that triggered this event</p>\n\n\n\n","optional":false},{"name":"horizontalPos","type":"String","index":1,"description":"<p>horizontal position of click in pixel i.e '10px'</p>\n\n\n\n","optional":false},{"name":"verticalPos","type":"String","index":2,"description":"<p>vertical position of click in pixel i.e '10px'</p>\n\n\n\n","optional":false}]},{"name":"DisabledClick","description":"<p>Fired when disabled element is clicked on.</p>\n","parameter":[{"name":"origin","type":"String","index":0,"description":"<p>id of widget that triggered this event</p>\n","optional":false},{"name":"hasPermission","type":"Boolean","index":1,"description":"<p>defines if the state is caused due to missing</p>\n","optional":false},{"name":"horizontalPos","type":"String","index":2,"description":"<p>horizontal position of click in pixel i.e '10px'</p>\n","optional":false},{"name":"verticalPos","type":"String","index":3,"description":"<p>vertical position of click in pixel i.e '10px'\nroles of the current user</p>\n","optional":false}]},{"name":"EnableChanged","description":"<p>Fired when operability of the widget changes.</p>\n","parameter":[{"name":"value","type":"Boolean","index":0,"description":"<p>operability</p>\n\n\n\n","optional":false}]},{"name":"OnDragEnd","description":"<p>Fired when element has OnDragEnd.</p>\n","parameter":[{"name":"contentId","type":"String","index":0,"description":"<p>content id of the widget where the drag operation has ended</p>\n","optional":false},{"name":"widgetId","type":"String","index":1,"description":"<p>id of the widget where the drag operation has ended</p>\n","optional":false}]},{"name":"OnDragEnter","description":"<p>Fired when element has onDragEnter.</p>\n","parameter":[{"name":"contentId","type":"String","index":0,"description":"<p>content id of the widget that has been entering the droppable widget</p>\n","optional":false},{"name":"widgetId","type":"String","index":1,"description":"<p>id of the widget that has been entering the droppable widget</p>\n","optional":false}]},{"name":"OnDragLeave","description":"<p>Fired when element has OnDragLeave.</p>\n","parameter":[{"name":"contentId","type":"String","index":0,"description":"<p>content id of the widget that has been leaving the droppable widget</p>\n","optional":false},{"name":"widgetId","type":"String","index":1,"description":"<p>id of the widget that has been leaving the droppable widget</p>\n","optional":false}]},{"name":"OnDragStart","description":"<p>Fired when element has OnDragStart.</p>\n","parameter":[{"name":"contentId","type":"String","index":0,"description":"<p>content id of the widget where the drag operation has been started</p>\n","optional":false},{"name":"widgetId","type":"String","index":1,"description":"<p>id of the widget where the drag operation has been started</p>\n","optional":false}]},{"name":"OnDrop","description":"<p>Fired when element has OnDrop.</p>\n","parameter":[{"name":"contentId","type":"String","index":0,"description":"<p>content id of the widget that has been dropped on the droppable widget</p>\n","optional":false},{"name":"widgetId","type":"String","index":1,"description":"<p>id of the widget that has been dropped on the droppable widget</p>\n","optional":false}]},{"name":"ValueChanged","description":"\n","parameter":[{"name":"value","type":"String","index":0,"description":"<p>Fired when index changes.</p>\n","optional":false}]},{"name":"VisibleChanged","description":"<p>Fired when the visibility of the widget changes.</p>\n","parameter":[{"name":"value","type":"Boolean","index":0,"description":"<p>visibility</p>\n\n\n\n","optional":false}]}],"properties":[{"name":"draggable","type":"Boolean","initOnly":true,"localizable":false,"editableBinding":false,"readOnly":false,"required":false,"owner":"widgets.brease.common.DragDropProperties.libs.DraggablePropertiesEvents","projectable":true,"description":"Make widget draggable.\n","category":"Behavior","defaultValue":"false"},{"name":"ellipsis","type":"Boolean","initOnly":true,"localizable":false,"editableBinding":false,"readOnly":false,"required":false,"owner":"widgets.brease.TextInput","projectable":true,"description":"If true, overflow of text is symbolized with an ellipsis.\n","category":"Behavior","defaultValue":"false"},{"name":"enable","type":"Boolean","initOnly":false,"localizable":false,"editableBinding":false,"readOnly":false,"required":false,"owner":"brease.core.BaseWidget","projectable":true,"description":"Initial option to enable widget.\n","category":"Behavior","defaultValue":"true"},{"name":"inputRestriction","type":"RegEx","initOnly":true,"localizable":true,"editableBinding":false,"readOnly":false,"required":false,"owner":"widgets.brease.TextInput","projectable":true,"description":"Indicates the set of characters that a user can enter into the TextInput<br/>\nIf not defined (=default), there is no restriction.\n","category":"Behavior","defaultValue":""},{"name":"keyboard","type":"Boolean","initOnly":true,"localizable":false,"editableBinding":false,"readOnly":false,"required":false,"owner":"widgets.brease.TextInput","projectable":true,"description":"Determines if internal soft keyboard should open\n","category":"Behavior","defaultValue":"true"},{"name":"maxLength","type":"Integer","initOnly":true,"localizable":false,"editableBinding":false,"readOnly":false,"required":false,"owner":"widgets.brease.TextInput","projectable":true,"description":"The maxLength attribute specifies the maximum number of characters allowed in the TextInput<br/>\nIf maxLength &lt; 0, there is no restriction.\n","category":"Behavior","defaultValue":"-1"},{"name":"permissionOperate","type":"RoleCollection","initOnly":true,"localizable":false,"editableBinding":false,"readOnly":false,"required":false,"owner":"brease.core.BaseWidget","projectable":true,"description":"restricts operability to users, which have given roles\n","category":"Accessibility"},{"name":"permissionView","type":"RoleCollection","initOnly":true,"localizable":false,"editableBinding":false,"readOnly":false,"required":false,"owner":"brease.core.BaseWidget","projectable":true,"description":"restricts visibility to users, which have given roles\n","category":"Accessibility"},{"name":"placeholder","type":"String","initOnly":true,"localizable":true,"editableBinding":false,"readOnly":false,"required":false,"owner":"widgets.brease.TextInput","projectable":true,"description":"Specifies a short hint that describes the expected value of the input field\n","category":"Behavior","defaultValue":""},{"name":"style","type":"StyleReference","initOnly":false,"localizable":false,"editableBinding":false,"readOnly":false,"required":false,"owner":"brease.core.BaseWidget","projectable":true,"description":"reference to a style for this widget type\n","category":"Appearance","defaultValue":"default"},{"name":"submitOnChange","type":"Boolean","initOnly":true,"localizable":false,"editableBinding":false,"readOnly":false,"required":false,"owner":"widgets.brease.TextInput","projectable":true,"description":"Determines if changes, triggered by user input, should be sent immediately to the server.\n","category":"Behavior","defaultValue":"true"},{"name":"tooltip","type":"String","initOnly":true,"localizable":true,"editableBinding":false,"readOnly":false,"required":false,"owner":"brease.core.BaseWidget","projectable":true,"description":"reference to a tooltip for a widget\n","category":"Appearance","defaultValue":""},{"name":"value","type":"String","initOnly":false,"localizable":false,"editableBinding":true,"readOnly":false,"required":false,"owner":"widgets.brease.TextInput","projectable":true,"description":"Value displayed by the widget\n","category":"Data","defaultValue":""},{"name":"visible","type":"Boolean","initOnly":false,"localizable":false,"editableBinding":false,"readOnly":false,"required":false,"owner":"brease.core.BaseWidget","projectable":true,"description":"change visibility\n","category":"Behavior","defaultValue":"true"},{"name":"zIndex","type":"UInteger","description":"The zIndex property specifies the z-order of a widget and its childs.<br/>\r\n        When widgets overlap, z-order determines which one covers the other. A widget with a larger zIndex generally covers a widget with a lower one.<br/>\r\n        The zIndex must be unique within a content.<br/>","initOnly":true,"required":true,"readOnly":false,"projectable":true,"owner":"brease.core.BaseWidget","hide":false,"cssProp":true},{"name":"left","type":"Integer","description":"absolute position measured from left boundary of parent container","initOnly":true,"required":false,"readOnly":false,"projectable":true,"owner":"brease.core.BaseWidget","hide":false,"cssProp":true},{"name":"top","type":"Integer","description":"absolute position measured from top boundary of parent container","initOnly":true,"required":false,"readOnly":false,"projectable":true,"owner":"brease.core.BaseWidget","hide":false,"cssProp":true},{"name":"height","type":"Size","defaultValue":"30","description":"outer height of widget","initOnly":true,"required":false,"readOnly":false,"projectable":true,"owner":"widgets.brease.TextInput","hide":false,"cssProp":true},{"name":"width","type":"Size","defaultValue":"100","description":"outer width of widget","initOnly":true,"required":false,"readOnly":false,"projectable":true,"owner":"widgets.brease.TextInput","hide":false,"cssProp":true}],"dependencies":{"files":["brease/core/BaseWidget.js","brease/decorators/LanguageDependency.js","brease/controller/KeyboardManager.js","brease/events/BreaseEvent.js","brease/enum/Enum.js","brease/core/Types.js","widgets/brease/common/libs/wfUtils/UtilsEditableBinding.js","brease/decorators/DragAndDropCapability.js","widgets/brease/common/DragDropProperties/libs/DraggablePropertiesEvents.js","widgets/brease/common/DragDropProperties/libs/DroppablePropertiesEvents.js"],"widgets":["widgets/brease/TextInput/TextInput.js"]},"categories":{"Category":["Text"]},"descriptions":{"short":"Texteingabe","de":"Ermöglicht dem Benutzer einen Text einzugeben","en":"Enables the user to enter a text"},"superproperties":{"id":{"type":"WidgetId"},"enable":{"type":"Boolean"},"permissionOperate":{"type":"RoleCollection"},"permissionView":{"type":"RoleCollection"},"style":{"type":"StyleReference"},"tooltip":{"type":"String"},"visible":{"type":"Boolean"},"zIndex":{"type":"UInteger"},"left":{"type":"Integer"},"top":{"type":"Integer"},"height":{"type":"AutoSize"},"width":{"type":"AutoSize"}},"styleproperties":{"StyleProperty":[{"$":{"name":"borderWidth","category":"Appearance","type":"PixelValCollection","default":"2px 6px 2px 2px"},"StyleElement":[{"$":{"selector":"&:not(.disabled):not(.active)","attribute":"border-width"}}],"Description":["Sets the border width of the widget. For further information, please see its type"]},{"$":{"name":"activeBorderWidth","category":"Appearance","type":"PixelValCollection","default":"2px 6px 2px 2px"},"StyleElement":[{"$":{"selector":"&.active:not(.disabled)","attribute":"border-width"}}],"Description":["Sets the border width of the widget while writing in. For further information, please see its type"]},{"$":{"name":"disabledBorderWidth","category":"Appearance","type":"PixelValCollection","default":"2px 6px 2px 2px"},"StyleElement":[{"$":{"selector":"&.disabled","attribute":"border-width"}}],"Description":["Sets the border width of the widget when disbaled. For further information, please see its type"]},{"$":{"name":"cornerRadius","category":"Appearance","type":"PixelValCollection","default":"2px"},"StyleElement":[{"$":{"attribute":"@include border-radius($value)"}}],"Description":["Sets the radius of the widget rounded corners. For further information, please see its type"]},{"$":{"name":"backColor","category":"Appearance","type":"Color","default":"#F7F7FF"},"StyleElement":[{"$":{"selector":"&:not(.disabled):not(.active)","attribute":"background-color"}}],"Description":["Sets the background color of the widget"]},{"$":{"name":"disabledBackColor","category":"Appearance","type":"Color","default":"#F1F1F1"},"StyleElement":[{"$":{"selector":"&.disabled","attribute":"background-color"}}],"Description":["Sets the background color of the widget when disabled"]},{"$":{"name":"backGroundGradient","category":"Appearance","type":"Gradient","default":""},"StyleElement":[{"$":{"selector":"&:not(.disabled)","attribute":"@include backGroundGradient('$value')"}}],"Description":["Sets the background color of the widget as a gradient. For further information, please see CSS Gradients"]},{"$":{"name":"disabledBackGroundGradient","category":"Appearance","type":"Gradient","default":""},"StyleElement":[{"$":{"selector":"&.disabled","attribute":"@include backGroundGradient('$value')"}}],"Description":["Sets the background color of the widget when disabled as a gradient. For further information, please see CSS Gradients property"]},{"$":{"name":"borderColor","category":"Appearance","type":"ColorCollection","default":"#555555"},"StyleElement":[{"$":{"selector":"&:not(.disabled):not(.active)","attribute":"border-color"}}],"Description":["Sets the border color of the widget. For further information, please see its type"]},{"$":{"name":"disabledBorderColor","category":"Appearance","type":"ColorCollection","default":"#C8C8C8"},"StyleElement":[{"$":{"selector":"&.disabled","attribute":"border-color"}}],"Description":["Sets the border color of the widget when disabled. For further information, please see its type"]},{"$":{"name":"borderStyle","category":"Appearance","type":"BorderStyle","default":"solid"},"StyleElement":[{"$":{"selector":"","attribute":"border-style"}}],"Description":["Style of the border of the widget. For further information, please see its type"]},{"$":{"name":"textColor","type":"Color","category":"Appearance","default":"#333333"},"StyleElement":[{"$":{"selector":"&:not(.disabled):not(.active) input","attribute":"color"}}],"Description":["Sets the color of the displayed text"]},{"$":{"name":"placeholderTextColor","type":"Color","category":"Appearance","default":"#C8C8C8"},"StyleElement":[{"$":{"selector":"input::placeholder","attribute":"color"}},{"$":{"selector":"input::-webkit-input-placeholder","attribute":"color"}}],"Description":["Sets the color of the displayed placeholder"]},{"$":{"name":"disabledTextColor","category":"Appearance","type":"Color","default":"#C8C8C8"},"StyleElement":[{"$":{"selector":"&.disabled input","attribute":"color"}},{"$":{"selector":"&.disabled span.breaseNumericInput_unit","attribute":"color"}}],"Description":["Sets the color of the displayed text when the widget is disabled"]},{"$":{"name":"activeBorderColor","category":"Appearance","type":"ColorCollection","default":"#FF8800"},"StyleElement":[{"$":{"selector":"&:not(.disabled).active","attribute":"border-color"}}],"Description":["Sets the border color of the widget while writing in. For further information, please see its type"]},{"$":{"name":"activeBackColor","category":"Appearance","type":"Color","default":"#F7F7FF"},"StyleElement":[{"$":{"selector":"&:not(.disabled).active","attribute":"background-color"}}],"Description":["Sets the background color of the widget while writing in"]},{"$":{"name":"activeTextColor","category":"Appearance","type":"Color","default":"#333333"},"StyleElement":[{"$":{"selector":"&:not(.disabled).active input","attribute":"color"}}],"Description":["Sets the color of the displayed text while writing"]},{"$":{"name":"textAlign","category":"Appearance","type":"brease.enum.TextAlign","default":"right"},"StyleElement":[{"$":{"selector":"input","attribute":"@include text-alignment($value)"}}],"Description":["Sets the alignment of the text. For further information, please see its type"]},{"$":{"name":"opacity","category":"Appearance","type":"Opacity","default":"1"},"StyleElement":[{"$":{"selector":"","attribute":"opacity"}}],"Description":["Sets the opacity of the widget"]},{"$":{"name":"fontName","category":"Font","type":"FontName","default":"Arial"},"StyleElement":[{"$":{"selector":"input","attribute":"font-family"}}],"Description":["Sets the font name of the displayed text"]},{"$":{"name":"fontSize","category":"Font","type":"PixelVal","default":"21px"},"StyleElement":[{"$":{"selector":"input","attribute":"font-size"}}],"Description":["Sets the font size of the displayed text in pixel"]},{"$":{"name":"bold","category":"Font","type":"Boolean","default":"false"},"StyleElement":[{"$":{"selector":"input","attribute":"@include font-weight-bold($value)"}}],"Description":["If **true**, it sets the font style to bold"]},{"$":{"name":"rotation","category":"Appearance","type":"Rotation","default":"0deg"},"StyleElement":[{"$":{"selector":"","attribute":"@include rotate($value)"}}],"Description":["Sets the rotation of the widget with respect to its center. Positive values for clockwise direction"]},{"$":{"name":"italic","category":"Font","type":"Boolean","default":"false"},"StyleElement":[{"$":{"selector":"input","attribute":"@include font-style-italic($value)"}}],"Description":["If **true**, it sets the font style to italic"]},{"$":{"name":"shadow","category":"Appearance","type":"Shadow","default":"none"},"StyleElement":[{"$":{"attribute":"@include box-shadow($value)"}}],"Description":["Sets the shadow effect of the widget. For further information, please see its type"]},{"$":{"name":"padding","category":"Layout","type":"Padding","default":"0 15px 0 15px"},"StyleElement":[{"$":{"attribute":"padding"}}],"Description":["Sets a space around the displayed text. For further information, please see its type"]},{"$":{"name":"margin","category":"Layout","type":"Margin","default":"0px"},"StyleElement":[{"$":{"attribute":"margin"}}],"Description":["Sets a space around the widget. For further information, please see its type"]}],"$":{}},"propertygroups":{"PropertyGroup":[{"$":{"name":"Size","type":"String","category":"Layout"},"Description":["outer height and width of widget"]},{"$":{"name":"Position","type":"String","category":"Layout"},"Description":["top and left of widget"]}]}}