{"name":"widgets.brease.TableItemWidget","type":"widget","meta":{"superClass":"brease.core.BaseWidget","requires":[],"mixins":[],"parents":["*"],"children":[],"inheritance":["widgets.brease.TableItemWidget","brease.core.BaseWidget"],"visible":"false","filePath":"widgets/brease/TableItemWidget/TableItemWidget.js"},"methods":[{"name":"SetColumnWidth","originalName":"setColumnWidth","read":false,"description":"<p>Sets columnWidth</p>\n","iatStudioExposed":true,"parameter":[{"name":"value","type":"Size","index":0,"description":"\n","optional":false}]},{"name":"setDataOrientation","originalName":"setDataOrientation","read":false,"description":"<p>Sets dataOrientation</p>\n","iatStudioExposed":false,"parameter":[{"name":"dataOrientation","type":"brease.enum.Direction","index":0,"description":"\n","optional":false}]},{"name":"setEditable","originalName":"setEditable","read":false,"description":"<p>Sets the state of property «editable»<br/>\nUsed for «editable» binding; method is called exclusevely by the framework</p>\n","iatStudioExposed":false,"parameter":[{"name":"editable","type":"Boolean","index":0,"description":"\n","optional":false},{"name":"metaData","type":"Object","index":1,"description":"\n","optional":false}]},{"name":"SetEnable","originalName":"setEnable","read":false,"description":"<p>Enables (true) or disables (false) the TableItem widget</p>\n","iatStudioExposed":true,"parameter":[{"name":"value","type":"Boolean","index":0,"description":"\n","optional":false}]},{"name":"SetRowHeight","originalName":"setRowHeight","read":false,"description":"<p>Sets rowHeight</p>\n","iatStudioExposed":true,"parameter":[{"name":"value","type":"Size","index":0,"description":"\n","optional":false}]},{"name":"setStyle","originalName":"setStyle","read":false,"description":"\n","iatStudioExposed":false},{"name":"SetText","originalName":"setText","read":false,"description":"<p>Sets text</p>\n","iatStudioExposed":true,"parameter":[{"name":"value","type":"String","index":0,"description":"\n","optional":false,"localizable":"true"}]},{"name":"setTextKey","originalName":"setTextKey","read":false,"description":"<p>Sets textkey</p>\n","iatStudioExposed":false,"parameter":[{"name":"key","type":"String","index":0,"description":"<p>The new textkey</p>\n","optional":false}]},{"name":"SetVisible","originalName":"setVisible","read":false,"description":"<p>Sets the visibility of the widget.</p>\n","iatStudioExposed":true,"parameter":[{"name":"value","type":"Boolean","index":0,"description":"<p>State of visibility (false = hide, true = show)</p>\n","optional":false}]}],"events":[{"name":"Click","description":"<p>Fired when element is clicked on.</p>\n","parameter":[{"name":"origin","type":"String","index":0,"description":"<p>id of widget that triggered this event</p>\n\n\n\n","optional":false},{"name":"horizontalPos","type":"String","index":1,"description":"<p>horizontal position of click in pixel i.e '10px'</p>\n\n\n\n","optional":false},{"name":"verticalPos","type":"String","index":2,"description":"<p>vertical position of click in pixel i.e '10px'</p>\n\n\n\n","optional":false}]},{"name":"DisabledClick","description":"<p>Fired when disabled element is clicked on.</p>\n","parameter":[{"name":"origin","type":"String","index":0,"description":"<p>id of widget that triggered this event</p>\n","optional":false},{"name":"hasPermission","type":"Boolean","index":1,"description":"<p>defines if the state is caused due to missing</p>\n","optional":false},{"name":"horizontalPos","type":"String","index":2,"description":"<p>horizontal position of click in pixel i.e '10px'</p>\n","optional":false},{"name":"verticalPos","type":"String","index":3,"description":"<p>vertical position of click in pixel i.e '10px'\nroles of the current user</p>\n","optional":false}]},{"name":"EnableChanged","description":"<p>Fired when operability of the widget changes.</p>\n","parameter":[{"name":"value","type":"Boolean","index":0,"description":"<p>operability</p>\n\n\n\n","optional":false}]},{"name":"VisibleChanged","description":"<p>Fired when the visibility of the widget changes.</p>\n","parameter":[{"name":"value","type":"Boolean","index":0,"description":"<p>visibility</p>\n\n\n\n","optional":false}]}],"properties":[{"name":"columnWidth","type":"UInteger","initOnly":false,"localizable":false,"editableBinding":false,"readOnly":false,"required":false,"owner":"widgets.brease.TableItemWidget","projectable":true,"description":"Can individually override columnWidth of Table if !== 0 when TableItem is a column.\n","groupOrder":2,"groupRefId":"CellSize","category":"Appearance","defaultValue":"0"},{"name":"enable","type":"Boolean","initOnly":false,"localizable":false,"editableBinding":false,"readOnly":false,"required":false,"owner":"brease.core.BaseWidget","projectable":true,"description":"Initial option to enable widget.\n","category":"Behavior","defaultValue":"true"},{"name":"permissionOperate","type":"RoleCollection","initOnly":true,"localizable":false,"editableBinding":false,"readOnly":false,"required":false,"owner":"brease.core.BaseWidget","projectable":true,"description":"restricts operability to users, which have given roles\n","category":"Accessibility"},{"name":"permissionView","type":"RoleCollection","initOnly":true,"localizable":false,"editableBinding":false,"readOnly":false,"required":false,"owner":"brease.core.BaseWidget","projectable":true,"description":"restricts visibility to users, which have given roles\n","category":"Accessibility"},{"name":"rowHeight","type":"UInteger","initOnly":false,"localizable":false,"editableBinding":false,"readOnly":false,"required":false,"owner":"widgets.brease.TableItemWidget","projectable":true,"description":"Can individually override rowHeight of Table if !== 0 when TableItem is a row.\n","groupOrder":1,"groupRefId":"CellSize","category":"Appearance","defaultValue":"0"},{"name":"style","type":"StyleReference","initOnly":false,"localizable":false,"editableBinding":false,"readOnly":false,"required":false,"owner":"brease.core.BaseWidget","projectable":true,"description":"reference to a style for this widget type\n","category":"Appearance","defaultValue":"default"},{"name":"text","type":"String","initOnly":false,"localizable":true,"editableBinding":false,"readOnly":false,"required":false,"owner":"widgets.brease.TableItemWidget","projectable":true,"description":"Heading for table column.\n","category":"Appearance","defaultValue":""},{"name":"visible","type":"Boolean","initOnly":false,"localizable":false,"editableBinding":false,"readOnly":false,"required":false,"owner":"brease.core.BaseWidget","projectable":true,"description":"change visibility\n","category":"Behavior","defaultValue":"true"},{"name":"zIndex","type":"UInteger","description":"The zIndex property specifies the z-order of a widget and its childs.<br/>\r\n        When widgets overlap, z-order determines which one covers the other. A widget with a larger zIndex generally covers a widget with a lower one.<br/>\r\n        The zIndex must be unique within a content.<br/>","initOnly":true,"required":true,"readOnly":false,"projectable":true,"owner":"brease.core.BaseWidget","hide":false,"cssProp":true}],"dependencies":{"files":["brease/core/BaseWidget.js","brease/events/BreaseEvent.js","brease/decorators/LanguageDependency.js","brease/core/Types.js","brease/enum/Enum.js"],"widgets":["widgets/brease/TableItemWidget/TableItemWidget.js"]},"categories":{},"descriptions":{},"superproperties":{"id":{"type":"WidgetId"},"enable":{"type":"Boolean"},"permissionOperate":{"type":"RoleCollection"},"permissionView":{"type":"RoleCollection"},"style":{"type":"StyleReference"},"tooltip":{"type":"String"},"visible":{"type":"Boolean"},"zIndex":{"type":"UInteger"},"left":{"type":"Integer"},"top":{"type":"Integer"},"height":{"type":"AutoSize"},"width":{"type":"AutoSize"}},"styleproperties":{"StyleProperty":[{"$":{"name":"backColorOdd","type":"Color","category":"Appearance","default":"transparent"},"StyleElement":[{"$":{"selector":"&:not(.disabled).odd.override:not(.selected)","attribute":"background-color"}}],"Description":["Sets the background color of the table"]},{"$":{"name":"backColorEven","type":"Color","category":"Appearance","default":"transparent"},"StyleElement":[{"$":{"selector":"&:not(.disabled).even.override:not(.selected)","attribute":"background-color"}}],"Description":["Sets the background color of the table"]},{"$":{"name":"backgroundGradientEven","type":"Gradient","category":"Appearance","default":""},"StyleElement":[{"$":{"selector":"&:not(.disabled).even.override:not(.selected)","attribute":"@include backGroundGradient('$value')"}}],"Description":["Background as a gradient for even table entries in column direction"]},{"$":{"name":"backgroundGradientOdd","type":"Gradient","category":"Appearance","default":""},"StyleElement":[{"$":{"selector":"&:not(.disabled).odd.override:not(.selected)","attribute":"@include backGroundGradient('$value')"}}],"Description":["Background as a gradient for even table entries in column direction"]},{"$":{"name":"headerBackColor","type":"Color","category":"Appearance","default":"#FCFCFC"},"StyleElement":[{"$":{"selector":"&.headerElement.override:not(.disabled)","attribute":"@include importantBackColor($value)"}}],"Description":["Text color for selected entries"]},{"$":{"name":"headerGradient","type":"Gradient","category":"Appearance","default":""},"StyleElement":[{"$":{"selector":"&.headerElement.override:not(.disabled)","attribute":"@include importantGradient($value)"}}],"Description":["Background gradient for table header"]},{"$":{"name":"headerTextColor","type":"Color","category":"Appearance","default":"#333333"},"StyleElement":[{"$":{"selector":"&.headerElement.override:not(.disabled) > span","attribute":"@include importantTextColor($value)"}}],"Description":["Sets the header text color"]},{"$":{"name":"headerFontSize","type":"PixelVal","default":"14px","category":"Font"},"StyleElement":[{"$":{"selector":"&.headerElement.override > span","attribute":"font-size"}}],"Description":["Fontsize of the header text"]},{"$":{"name":"headerBold","type":"Boolean","default":"false","category":"Font"},"StyleElement":[{"$":{"selector":"&.headerElement.override > span","attribute":"@include importantBoldText($value)"}}],"Description":["If true header text is bold"]},{"$":{"name":"headerItalic","type":"Boolean","default":"false","category":"Font"},"StyleElement":[{"$":{"selector":"&.headerElement.override > span","attribute":"@include importantItalicText($value)"}}],"Description":["If true header text is italic"]},{"$":{"name":"sortingButtonColor","category":"Appearance","type":"Color","default":"#ececec"},"StyleElement":[{"$":{"selector":"svg > g > path.unselected","attribute":"fill"}}],"Description":["Color of the arrow that is not the sorted way"]},{"$":{"name":"sortingButtonActiveColor","category":"Appearance","type":"Color","default":"#5f8dd3"},"StyleElement":[{"$":{"selector":"svg > g > path.selected","attribute":"fill"}}],"Description":["Color of the arrow that is the sorted way"]},{"$":{"name":"textColorOdd","type":"Color","category":"Appearance","default":"#333333"},"StyleElement":[{"$":{"selector":"&:not(.disabled):not(.selected):not(.headerElement).override.odd","attribute":"color"}}],"Description":["Sets the text color"]},{"$":{"name":"textColorEven","type":"Color","category":"Appearance","default":"#333333"},"StyleElement":[{"$":{"selector":"&:not(.disabled):not(.selected):not(.headerElement).override.even","attribute":"color"}}],"Description":["Sets the text color"]},{"$":{"name":"bold","type":"Boolean","default":"false","category":"Font"},"StyleElement":[{"$":{"selector":"&:not(.headerElement):not(.disabled).override","attribute":"@include importantBoldText($value)"}},{"$":{"selector":"&:not(.headerElement).override.disabled","attribute":"@include importantBoldText($value)"}}],"Description":["If **true** font style is bold"]},{"$":{"name":"italic","type":"Boolean","default":"false","category":"Font"},"StyleElement":[{"$":{"selector":"&:not(.headerElement):not(.disabled).override","attribute":"@include importantItalicText($value)"}},{"$":{"selector":"&:not(.headerElement).override.disabled","attribute":"@include importantItalicText($value)"}}],"Description":["If **true** font style is italic"]},{"$":{"name":"fontSize","type":"PixelVal","default":"14px","category":"Font"},"StyleElement":[{"$":{"selector":"&:not(.headerElement):not(.disabled).override","attribute":"font-size"}},{"$":{"selector":"&:not(.headerElement).override.disabled","attribute":"font-size"}}],"Description":["Fontsize of the text"]},{"$":{"name":"cellAlign","type":"brease.enum.BackgroundPosition","default":"center center","category":"Appearance"},"StyleElement":[{"$":{"selector":"&:not(.headerElement).override","attribute":"@include text-position('$value')"}},{"$":{"selector":"&:not(.headerElement) >img .override","attribute":"@include image-align('$value')"}},{"$":{"selector":"&.headerElement.override","attribute":"@include flex-position('$value')"}},{"$":{"selector":"&.headerElement.override > span","attribute":"@include text-position('$value')"}}],"Description":["Alignment of the text in a cell"]},{"$":{"name":"cellBorderStyle","type":"BorderStyle","category":"Appearance","default":"solid"},"StyleElement":[{"$":{"selector":"&.override","attribute":"border-style"}},{"$":{"selector":"&.headerElement .override","attribute":"border-style"}}],"Description":["Style of the cell borders"]},{"$":{"name":"cellBorderColor","type":"Color","category":"Appearance","default":"#C8C8C8"},"StyleElement":[{"$":{"selector":"&.override","attribute":"border-color"}},{"$":{"selector":"&.headerElement.override","attribute":"border-color"}}],"Description":["Sets the border color of each cell. For further information, please see its type"]},{"$":{"name":"cellBorderWidth","type":"PixelValCollection","category":"Appearance","default":"0px 0px 1px 1px"},"StyleElement":[{"$":{"selector":"&.override","attribute":"border-width"}},{"$":{"selector":"&.headerElement.override","attribute":"border-width"}}],"Description":["Sets the border width of each cell. For further information, please see its type"]},{"$":{"name":"cellPadding","category":"Layout","type":"Padding","default":"0px"},"StyleElement":[{"$":{"selector":"&.override:not(.headerElement)","attribute":"padding"}}],"Description":["Padding of table cells."]},{"$":{"name":"headerCellPadding","category":"Layout","type":"Padding","default":"0px"},"StyleElement":[{"$":{"selector":"&.headerElement.override","attribute":"padding"}}],"Description":["Padding of the header cells."]}],"$":{}},"propertygroups":{"PropertyGroup":[{"$":{"name":"Size","type":"String","category":"Layout"},"Description":["outer height and width of widget"]},{"$":{"name":"Position","type":"String","category":"Layout"},"Description":["top and left of widget"]}]}}