{"name":"widgets.brease.TableItem","type":"widget","meta":{"superClass":"widgets.brease.TableItemWidget","requires":[],"mixins":[],"parents":["widgets.brease.Table"],"children":[],"inheritance":["widgets.brease.TableItem","widgets.brease.TableItemWidget","brease.core.BaseWidget"],"filePath":"widgets/brease/TableItem/TableItem.js"},"methods":[{"name":"SetColumnWidth","originalName":"setColumnWidth","read":false,"description":"<p>Sets columnWidth</p>\n","iatStudioExposed":true,"parameter":[{"name":"value","type":"Size","index":0,"description":"\n","optional":false}]},{"name":"setDataOrientation","originalName":"setDataOrientation","read":false,"description":"<p>Sets dataOrientation</p>\n","iatStudioExposed":false,"parameter":[{"name":"dataOrientation","type":"brease.enum.Direction","index":0,"description":"\n","optional":false}]},{"name":"setEditable","originalName":"setEditable","read":false,"description":"<p>Sets the state of property «editable»<br/>\nUsed for «editable» binding; method is called exclusevely by the framework</p>\n","iatStudioExposed":false,"parameter":[{"name":"editable","type":"Boolean","index":0,"description":"\n","optional":false},{"name":"metaData","type":"Object","index":1,"description":"\n","optional":false}]},{"name":"SetEnable","originalName":"setEnable","read":false,"description":"<p>Enables (true) or disables (false) the TableItem widget</p>\n","iatStudioExposed":true,"parameter":[{"name":"value","type":"Boolean","index":0,"description":"\n","optional":false}]},{"name":"setFormat","originalName":"setFormat","read":false,"description":"<p>Sets format</p>\n","iatStudioExposed":false,"parameter":[{"name":"format","type":"brease.config.MeasurementSystemFormat","index":0,"description":"\n","optional":false}]},{"name":"setMaxValue","originalName":"setMaxValue","read":false,"description":"<p>Sets maxValue</p>\n","iatStudioExposed":false,"parameter":[{"name":"value","type":"Number","index":0,"description":"\n","optional":false}]},{"name":"setMinValue","originalName":"setMinValue","read":false,"description":"<p>Sets minValue</p>\n","iatStudioExposed":false,"parameter":[{"name":"value","type":"Number","index":0,"description":"\n","optional":false}]},{"name":"setNode","originalName":"setNode","read":false,"description":"<p>Sets node</p>\n","iatStudioExposed":false,"parameter":[{"name":"node","type":"brease.datatype.ArrayNode","index":0,"description":"\n","optional":false}]},{"name":"SetRowHeight","originalName":"setRowHeight","read":false,"description":"<p>Sets rowHeight</p>\n","iatStudioExposed":true,"parameter":[{"name":"value","type":"Size","index":0,"description":"\n","optional":false}]},{"name":"setShowUnit","originalName":"setShowUnit","read":false,"description":"<p>Sets showUnit</p>\n","iatStudioExposed":false,"parameter":[{"name":"showUnit","type":"Boolean","index":0,"description":"\n","optional":false}]},{"name":"setStringValue","originalName":"setStringValue","read":false,"description":"<p>Sets stringValue</p>\n","iatStudioExposed":false,"parameter":[{"name":"stringValue","type":"StringArray1D","index":0,"description":"\n","optional":false}]},{"name":"setStyle","originalName":"setStyle","read":false,"description":"\n","iatStudioExposed":false},{"name":"SetText","originalName":"setText","read":false,"description":"<p>Sets text</p>\n","iatStudioExposed":true,"parameter":[{"name":"value","type":"String","index":0,"description":"\n","optional":false,"localizable":"true"}]},{"name":"setTextKey","originalName":"setTextKey","read":false,"description":"<p>Sets textkey</p>\n","iatStudioExposed":false,"parameter":[{"name":"key","type":"String","index":0,"description":"<p>The new textkey</p>\n","optional":false}]},{"name":"setUnit","originalName":"setUnit","read":false,"description":"<p>Sets unit</p>\n","iatStudioExposed":false,"parameter":[{"name":"unit","type":"brease.config.MeasurementSystemUnit","index":0,"description":"\n","optional":false}]},{"name":"setValue","originalName":"setValue","read":false,"description":"<p>Sets value</p>\n","iatStudioExposed":false,"parameter":[{"name":"value","type":"NumberArray1D","index":0,"description":"\n","optional":false}]},{"name":"SetVisible","originalName":"setVisible","read":false,"description":"<p>Sets the visibility of the widget.</p>\n","iatStudioExposed":true,"parameter":[{"name":"value","type":"Boolean","index":0,"description":"<p>State of visibility (false = hide, true = show)</p>\n","optional":false}]}],"events":[{"name":"Click","description":"<p>Fired when element is clicked on.</p>\n","parameter":[{"name":"origin","type":"String","index":0,"description":"<p>id of widget that triggered this event</p>\n\n\n\n","optional":false},{"name":"horizontalPos","type":"String","index":1,"description":"<p>horizontal position of click in pixel i.e '10px'</p>\n\n\n\n","optional":false},{"name":"verticalPos","type":"String","index":2,"description":"<p>vertical position of click in pixel i.e '10px'</p>\n\n\n\n","optional":false}]},{"name":"DisabledClick","description":"<p>Fired when disabled element is clicked on.</p>\n","parameter":[{"name":"origin","type":"String","index":0,"description":"<p>id of widget that triggered this event</p>\n","optional":false},{"name":"hasPermission","type":"Boolean","index":1,"description":"<p>defines if the state is caused due to missing</p>\n","optional":false},{"name":"horizontalPos","type":"String","index":2,"description":"<p>horizontal position of click in pixel i.e '10px'</p>\n","optional":false},{"name":"verticalPos","type":"String","index":3,"description":"<p>vertical position of click in pixel i.e '10px'\nroles of the current user</p>\n","optional":false}]},{"name":"EnableChanged","description":"<p>Fired when operability of the widget changes.</p>\n","parameter":[{"name":"value","type":"Boolean","index":0,"description":"<p>operability</p>\n\n\n\n","optional":false}]},{"name":"ValueChanged","description":"<p>Triggered when any value in the array is changed</p>\n"},{"name":"VisibleChanged","description":"<p>Fired when the visibility of the widget changes.</p>\n","parameter":[{"name":"value","type":"Boolean","index":0,"description":"<p>visibility</p>\n\n\n\n","optional":false}]}],"properties":[{"name":"columnWidth","type":"UInteger","initOnly":false,"localizable":false,"editableBinding":false,"readOnly":false,"required":false,"owner":"widgets.brease.TableItemWidget","projectable":true,"description":"Can individually override columnWidth of Table if !== 0 when TableItem is a column.\n","groupOrder":2,"groupRefId":"CellSize","category":"Appearance","defaultValue":"0"},{"name":"enable","type":"Boolean","initOnly":false,"localizable":false,"editableBinding":false,"readOnly":false,"required":false,"owner":"brease.core.BaseWidget","projectable":true,"description":"Initial option to enable widget.\n","category":"Behavior","defaultValue":"true"},{"name":"format","type":"brease.config.MeasurementSystemFormat","initOnly":false,"localizable":false,"editableBinding":false,"readOnly":false,"required":false,"owner":"widgets.brease.TableItem","projectable":true,"description":"<a href=\"#!/api/brease.config.NumberFormat\" rel=\"brease.config.NumberFormat\" class=\"docClass\">brease.config.NumberFormat</a> for every measurement system.\n","category":"Appearance","defaultValue":"{&apos;metric&apos;:{ &apos;decimalPlaces&apos; : 1, &apos;minimumIntegerDigits&apos; : 1 }, &apos;imperial&apos; :{ &apos;decimalPlaces&apos; : 1, &apos;minimumIntegerDigits&apos; : 1 }, &apos;imperial-us&apos; :{ &apos;decimalPlaces&apos; : 1, &apos;minimumIntegerDigits&apos; : 1 }}"},{"name":"input","type":"Boolean","initOnly":true,"localizable":false,"editableBinding":false,"readOnly":false,"required":false,"owner":"widgets.brease.TableItem","projectable":true,"description":"If true, data inputs are allowed\n","category":"Behavior","defaultValue":"false"},{"name":"inputStyle","type":"String","initOnly":true,"localizable":false,"editableBinding":false,"readOnly":false,"required":false,"owner":"widgets.brease.TableItem","projectable":true,"description":"Style of the related NumPad\n","category":"Appearance","defaultValue":"default"},{"name":"limitViolationPolicy","type":"brease.enum.LimitViolationPolicy","initOnly":true,"localizable":false,"editableBinding":false,"readOnly":false,"required":false,"owner":"widgets.brease.TableItem","projectable":true,"description":"Controls behavior in case of a limit violation.\n","category":"Behavior","defaultValue":"noSubmit"},{"name":"maxLength","type":"Integer","initOnly":true,"localizable":false,"editableBinding":false,"readOnly":false,"required":false,"owner":"widgets.brease.TableItem","projectable":true,"description":"The maxLength attribute specifies the maximum number of characters allowed in the TextInput<br/>\nIf not defined (=default), there is no restriction.\n","category":"Behavior","defaultValue":"100"},{"name":"maxValue","type":"Number","initOnly":true,"localizable":false,"editableBinding":false,"readOnly":false,"required":false,"owner":"widgets.brease.TableItem","projectable":true,"description":"Maximum value for input.\n","category":"Behavior","defaultValue":"100"},{"name":"minValue","type":"Number","initOnly":true,"localizable":false,"editableBinding":false,"readOnly":false,"required":false,"owner":"widgets.brease.TableItem","projectable":true,"description":"Maximum value for input.\n","category":"Behavior","defaultValue":"0"},{"name":"node","type":"brease.datatype.ArrayNode","initOnly":false,"localizable":false,"editableBinding":true,"readOnly":false,"required":false,"owner":"widgets.brease.TableItem","projectable":false,"description":"Binding for NUMERIC Arrays with Unit.\nNOTE: Only one array binding is allowed.\n","category":"Data"},{"name":"permissionOperate","type":"RoleCollection","initOnly":true,"localizable":false,"editableBinding":false,"readOnly":false,"required":false,"owner":"brease.core.BaseWidget","projectable":true,"description":"restricts operability to users, which have given roles\n","category":"Accessibility"},{"name":"permissionView","type":"RoleCollection","initOnly":true,"localizable":false,"editableBinding":false,"readOnly":false,"required":false,"owner":"brease.core.BaseWidget","projectable":true,"description":"restricts visibility to users, which have given roles\n","category":"Accessibility"},{"name":"rowHeight","type":"UInteger","initOnly":false,"localizable":false,"editableBinding":false,"readOnly":false,"required":false,"owner":"widgets.brease.TableItemWidget","projectable":true,"description":"Can individually override rowHeight of Table if !== 0 when TableItem is a row.\n","groupOrder":1,"groupRefId":"CellSize","category":"Appearance","defaultValue":"0"},{"name":"showUnit","type":"Boolean","initOnly":true,"localizable":false,"editableBinding":false,"readOnly":false,"required":false,"owner":"widgets.brease.TableItem","projectable":true,"description":"If true, unit symbol will be shown in the header next to the text.\n","category":"Behavior","defaultValue":"false"},{"name":"stringValue","type":"StringArray1D","initOnly":false,"localizable":false,"editableBinding":true,"readOnly":false,"required":false,"owner":"widgets.brease.TableItem","projectable":false,"description":"Binding for STRING Arrays.\nNOTE: Only one array binding is allowed.\n","category":"Data"},{"name":"style","type":"StyleReference","initOnly":false,"localizable":false,"editableBinding":false,"readOnly":false,"required":false,"owner":"brease.core.BaseWidget","projectable":true,"description":"reference to a style for this widget type\n","category":"Appearance","defaultValue":"default"},{"name":"text","type":"String","initOnly":false,"localizable":true,"editableBinding":false,"readOnly":false,"required":false,"owner":"widgets.brease.TableItemWidget","projectable":true,"description":"Heading for table column.\n","category":"Appearance","defaultValue":""},{"name":"unit","type":"brease.config.MeasurementSystemUnit","initOnly":false,"localizable":false,"editableBinding":false,"readOnly":false,"required":false,"owner":"widgets.brease.TableItem","projectable":true,"description":"Unit code for every measurement system.\n","category":"Appearance","defaultValue":""},{"name":"useDigitGrouping","type":"Boolean","initOnly":true,"localizable":false,"editableBinding":false,"readOnly":false,"required":false,"owner":"widgets.brease.TableItem","projectable":true,"description":"Determines if digit grouping should be used\n","category":"Behavior","defaultValue":"true"},{"name":"value","type":"NumberArray1D","initOnly":false,"localizable":false,"editableBinding":true,"readOnly":false,"required":false,"owner":"widgets.brease.TableItem","projectable":false,"description":"Binding for NUMERIC Arrays.\nNOTE: Only one array binding is allowed.\n","nodeRefId":["node"],"category":"Data"},{"name":"visible","type":"Boolean","initOnly":false,"localizable":false,"editableBinding":false,"readOnly":false,"required":false,"owner":"brease.core.BaseWidget","projectable":true,"description":"change visibility\n","category":"Behavior","defaultValue":"true"},{"name":"zIndex","type":"UInteger","description":"The zIndex property specifies the z-order of a widget and its childs.<br/>\r\n        When widgets overlap, z-order determines which one covers the other. A widget with a larger zIndex generally covers a widget with a lower one.<br/>\r\n        The zIndex must be unique within a content.<br/>","initOnly":true,"required":true,"readOnly":false,"projectable":true,"owner":"brease.core.BaseWidget","hide":false,"cssProp":true}],"dependencies":{"files":["widgets/brease/TableItemWidget/TableItemWidget.js","brease/decorators/LanguageDependency.js","brease/decorators/MeasurementSystemDependency.js","brease/config/NumberFormat.js","brease/datatype/ArrayNode.js","brease/core/Utils.js","brease/core/Types.js","brease/enum/Enum.js","widgets/brease/common/libs/wfUtils/UtilsEditableBinding.js"],"widgets":["widgets/brease/TableItem/TableItem.js","widgets/brease/TableItemWidget/TableItemWidget.js"]},"categories":{"Category":["Data","Container"]},"descriptions":{"short":"Datensatz für eine Zeile bzw. Spalte","de":"Datensatz für eine Zeile bzw. Spalte","en":"Dataset for one row respectively column"},"superproperties":{"id":{"type":"WidgetId"},"enable":{"type":"Boolean"},"permissionOperate":{"type":"RoleCollection"},"permissionView":{"type":"RoleCollection"},"style":{"type":"StyleReference"},"tooltip":{"type":"String"},"visible":{"type":"Boolean"},"zIndex":{"type":"UInteger"},"left":{"type":"Integer"},"top":{"type":"Integer"},"height":{"type":"AutoSize"},"width":{"type":"AutoSize"}},"styleproperties":{"StyleProperty":[{"$":{"name":"backColorOdd","type":"Color","category":"Appearance","default":"transparent","owner":"widgets.brease.TableItem"},"StyleElement":[{"$":{"selector":"&:not(.disabled).odd.override:not(.selected)","attribute":"background-color"}}],"Description":["Sets the background color of the table"]},{"$":{"name":"backColorEven","type":"Color","category":"Appearance","default":"transparent","owner":"widgets.brease.TableItem"},"StyleElement":[{"$":{"selector":"&:not(.disabled).even.override:not(.selected)","attribute":"background-color"}}],"Description":["Sets the background color of the table"]},{"$":{"name":"backgroundGradientEven","type":"Gradient","category":"Appearance","default":"","owner":"widgets.brease.TableItem"},"StyleElement":[{"$":{"selector":"&:not(.disabled).even.override:not(.selected)","attribute":"@include backGroundGradient('$value')"}}],"Description":["Background as a gradient for even table entries in column direction"]},{"$":{"name":"backgroundGradientOdd","type":"Gradient","category":"Appearance","default":"","owner":"widgets.brease.TableItem"},"StyleElement":[{"$":{"selector":"&:not(.disabled).odd.override:not(.selected)","attribute":"@include backGroundGradient('$value')"}}],"Description":["Background as a gradient for even table entries in column direction"]},{"$":{"name":"headerBackColor","type":"Color","category":"Appearance","default":"#FCFCFC","owner":"widgets.brease.TableItem"},"StyleElement":[{"$":{"selector":"&.headerElement.override:not(.disabled)","attribute":"@include importantBackColor($value)"}}],"Description":["Text color for selected entries"]},{"$":{"name":"headerGradient","type":"Gradient","category":"Appearance","default":"","owner":"widgets.brease.TableItem"},"StyleElement":[{"$":{"selector":"&.headerElement.override:not(.disabled)","attribute":"@include importantGradient($value)"}}],"Description":["Background gradient for table header"]},{"$":{"name":"headerTextColor","type":"Color","category":"Appearance","default":"#333333","owner":"widgets.brease.TableItem"},"StyleElement":[{"$":{"selector":"&.headerElement.override:not(.disabled) > span","attribute":"@include importantTextColor($value)"}}],"Description":["Sets the header text color"]},{"$":{"name":"headerFontSize","type":"PixelVal","default":"14px","category":"Font","owner":"widgets.brease.TableItem"},"StyleElement":[{"$":{"selector":"&.headerElement.override > span","attribute":"font-size"}}],"Description":["Fontsize of the header text"]},{"$":{"name":"headerBold","type":"Boolean","default":"false","category":"Font","owner":"widgets.brease.TableItem"},"StyleElement":[{"$":{"selector":"&.headerElement.override > span","attribute":"@include importantBoldText($value)"}}],"Description":["If true header text is bold"]},{"$":{"name":"headerItalic","type":"Boolean","default":"false","category":"Font","owner":"widgets.brease.TableItem"},"StyleElement":[{"$":{"selector":"&.headerElement.override > span","attribute":"@include importantItalicText($value)"}}],"Description":["If true header text is italic"]},{"$":{"name":"sortingButtonColor","category":"Appearance","type":"Color","default":"#ececec","owner":"widgets.brease.TableItem"},"StyleElement":[{"$":{"selector":"svg > g > path.unselected","attribute":"fill"}}],"Description":["Color of the arrow that is not the sorted way"]},{"$":{"name":"sortingButtonActiveColor","category":"Appearance","type":"Color","default":"#5f8dd3","owner":"widgets.brease.TableItem"},"StyleElement":[{"$":{"selector":"svg > g > path.selected","attribute":"fill"}}],"Description":["Color of the arrow that is the sorted way"]},{"$":{"name":"textColorOdd","type":"Color","category":"Appearance","default":"#333333","owner":"widgets.brease.TableItem"},"StyleElement":[{"$":{"selector":"&:not(.disabled):not(.selected):not(.headerElement).override.odd","attribute":"color"}}],"Description":["Sets the text color"]},{"$":{"name":"textColorEven","type":"Color","category":"Appearance","default":"#333333","owner":"widgets.brease.TableItem"},"StyleElement":[{"$":{"selector":"&:not(.disabled):not(.selected):not(.headerElement).override.even","attribute":"color"}}],"Description":["Sets the text color"]},{"$":{"name":"bold","type":"Boolean","default":"false","category":"Font","owner":"widgets.brease.TableItem"},"StyleElement":[{"$":{"selector":"&:not(.headerElement):not(.disabled).override","attribute":"@include importantBoldText($value)"}},{"$":{"selector":"&:not(.headerElement).override.disabled","attribute":"@include importantBoldText($value)"}}],"Description":["If **true** font style is bold"]},{"$":{"name":"italic","type":"Boolean","default":"false","category":"Font","owner":"widgets.brease.TableItem"},"StyleElement":[{"$":{"selector":"&:not(.headerElement):not(.disabled).override","attribute":"@include importantItalicText($value)"}},{"$":{"selector":"&:not(.headerElement).override.disabled","attribute":"@include importantItalicText($value)"}}],"Description":["If **true** font style is italic"]},{"$":{"name":"fontSize","type":"PixelVal","default":"14px","category":"Font","owner":"widgets.brease.TableItem"},"StyleElement":[{"$":{"selector":"&:not(.headerElement):not(.disabled).override","attribute":"font-size"}},{"$":{"selector":"&:not(.headerElement).override.disabled","attribute":"font-size"}}],"Description":["Fontsize of the text"]},{"$":{"name":"cellAlign","type":"brease.enum.BackgroundPosition","default":"center center","category":"Appearance","owner":"widgets.brease.TableItem"},"StyleElement":[{"$":{"selector":"&:not(.headerElement).override","attribute":"@include text-position('$value')"}},{"$":{"selector":"&:not(.headerElement) >img .override","attribute":"@include image-align('$value')"}},{"$":{"selector":"&.headerElement.override","attribute":"@include flex-position('$value')"}},{"$":{"selector":"&.headerElement.override > span ","attribute":"@include text-position('$value')"}}],"Description":["Alignment of the text in a cell"]},{"$":{"name":"cellBorderStyle","type":"BorderStyle","category":"Appearance","default":"solid","owner":"widgets.brease.TableItem"},"StyleElement":[{"$":{"selector":"&.override","attribute":"border-style"}},{"$":{"selector":"&.headerElement .override","attribute":"border-style"}}],"Description":["Style of the cell borders"]},{"$":{"name":"cellBorderColor","type":"Color","category":"Appearance","default":"#C8C8C8","owner":"widgets.brease.TableItem"},"StyleElement":[{"$":{"selector":"&.override","attribute":"border-color"}},{"$":{"selector":"&.headerElement.override","attribute":"border-color"}}],"Description":["Sets the border color of each cell. For further information, please see its type"]},{"$":{"name":"cellBorderWidth","type":"PixelValCollection","category":"Appearance","default":"0px 0px 1px 1px","owner":"widgets.brease.TableItem"},"StyleElement":[{"$":{"selector":"&.override","attribute":"border-width"}},{"$":{"selector":"&.headerElement.override","attribute":"border-width"}}],"Description":["Sets the border width of each cell. For further information, please see its type"]},{"$":{"name":"cellPadding","category":"Layout","type":"Padding","default":"0px","owner":"widgets.brease.TableItem"},"StyleElement":[{"$":{"selector":"&.override:not(.headerElement)","attribute":"padding"}}],"Description":["Padding of table cells."]},{"$":{"name":"headerCellPadding","category":"Layout","type":"Padding","default":"0px","owner":"widgets.brease.TableItem"},"StyleElement":[{"$":{"selector":"&.headerElement.override","attribute":"padding"}}],"Description":["Padding of the header cells."]}],"$":{}},"propertygroups":{"PropertyGroup":[{"$":{"name":"Size","type":"String","category":"Layout"},"Description":["outer height and width of widget"]},{"$":{"name":"Position","type":"String","category":"Layout"},"Description":["top and left of widget"]}]}}